n, each1e6, each1e4, each1e3, each, mean1e6, mean1e4, mean1e3, mean, variance, stdDev, meanStdDevUp, meanStdDevDown, median, median1e3, medianEach1e3, medianEach1e6
3011, 21259.365, 212.59366, 21.259365, 2.1259366e-2, 21259.365, 212.59366, 21.259365, 2.1259366e-2, 2.637103e-5, 5.135273e-3, 26.39464, 16.124092, 1.8522e-2, 18.522, 18.522, 18522.0
3001, 17395.402, 173.95401, 17.395401, 1.7395401e-2, 17395.402, 173.95401, 17.395401, 1.7395401e-2, 1.6957809e-5, 4.117986e-3, 21.513388, 13.277415, 1.6021e-2, 16.021, 16.021, 16021.0
2991, 13461.533, 134.61533, 13.461533, 1.3461533e-2, 13461.533, 134.61533, 13.461533, 1.3461533e-2, 2.2420443e-5, 4.7350232e-3, 18.196556, 8.726509, 1.1948e-2, 11.948, 11.948, 11948.0
2981, 13118.101, 131.181, 13.1181, 1.31181e-2, 13118.101, 131.181, 13.1181, 1.31181e-2, 1.2321806e-5, 3.510243e-3, 16.628344, 9.607857, 1.1996e-2, 11.996, 11.996, 11996.0
2971, 14591.066, 145.91066, 14.591066, 1.4591066e-2, 14591.066, 145.91066, 14.591066, 1.4591066e-2, 1.5893154e-5, 3.9866217e-3, 18.577688, 10.6044445, 1.3141e-2, 13.141, 13.141, 13141.0
2961, 14853.534, 148.53534, 14.853535, 1.4853534e-2, 14853.534, 148.53534, 14.853535, 1.4853534e-2, 1.9816041e-5, 4.451521e-3, 19.305056, 10.402013, 1.3235e-2, 13.235, 13.235, 13235.0
2951, 15742.999, 157.43, 15.742998, 1.5742999e-2, 15742.999, 157.43, 15.742998, 1.5742999e-2, 1.6014517e-5, 4.0018144e-3, 19.744814, 11.741183, 1.414e-2, 14.139999, 14.139999, 14140.0
2941, 15609.9, 156.099, 15.6099, 1.56099005e-2, 15609.9, 156.099, 15.6099, 1.56099005e-2, 1.5107577e-5, 3.8868468e-3, 19.496746, 11.723054, 1.4218e-2, 14.217999, 14.217999, 14218.0
2931, 14225.933, 142.25932, 14.225933, 1.4225933e-2, 14225.933, 142.25932, 14.225933, 1.4225933e-2, 1.6109238e-5, 4.0136315e-3, 18.239565, 10.212301, 1.2763e-2, 12.7630005, 12.7630005, 12763.0
2921, 13548.066, 135.48067, 13.548067, 1.3548067e-2, 13548.066, 135.48067, 13.548067, 1.3548067e-2, 1.0419913e-5, 3.227989e-3, 16.776054, 10.320078, 1.2499e-2, 12.499, 12.499, 12499.0
2911, 17466.332, 174.66333, 17.466333, 1.7466333e-2, 17466.332, 174.66333, 17.466333, 1.7466333e-2, 1.7715305e-5, 4.2089554e-3, 21.67529, 13.257377, 1.5809e-2, 15.809, 15.809, 15809.0
2901, 15705.367, 157.05368, 15.705367, 1.5705368e-2, 15705.367, 157.05368, 15.705367, 1.5705368e-2, 1.5324662e-5, 3.9146724e-3, 19.62004, 11.790694, 1.4165e-2, 14.165, 14.165, 14165.0
2891, 16907.0, 169.06999, 16.907, 1.6906999e-2, 16907.0, 169.06999, 16.907, 1.6906999e-2, 1.8266575e-5, 4.2739413e-3, 21.18094, 12.633058, 1.5018e-2, 15.018001, 15.018001, 15018.0
2881, 14796.567, 147.96567, 14.796567, 1.4796567e-2, 14796.567, 147.96567, 14.796567, 1.4796567e-2, 1.4560196e-5, 3.8157825e-3, 18.612349, 10.980785, 1.3483e-2, 13.483, 13.483, 13483.0
2871, 15394.733, 153.94733, 15.394733, 1.5394733e-2, 15394.733, 153.94733, 15.394733, 1.5394733e-2, 2.3879573e-5, 4.886673e-3, 20.281406, 10.50806, 1.3772e-2, 13.771999, 13.771999, 13772.0
2861, 15180.599, 151.80598, 15.180599, 1.5180599e-2, 15180.599, 151.80598, 15.180599, 1.5180599e-2, 1.5494077e-5, 3.9362516e-3, 19.11685, 11.244348, 1.3801e-2, 13.801, 13.801, 13801.0
2851, 12622.732, 126.227325, 12.622733, 1.2622733e-2, 12622.732, 126.227325, 12.622733, 1.2622733e-2, 1.1187725e-5, 3.3448057e-3, 15.967539, 9.277926, 1.1509e-2, 11.509001, 11.509001, 11509.0
2841, 14273.568, 142.73569, 14.273568, 1.4273568e-2, 14273.568, 142.73569, 14.273568, 1.4273568e-2, 1.4852799e-5, 3.853933e-3, 18.1275, 10.419635, 1.2687e-2, 12.687, 12.687, 12687.0
2831, 13168.733, 131.68733, 13.168734, 1.3168734e-2, 13168.733, 131.68733, 13.168734, 1.3168734e-2, 1.196052e-5, 3.4583984e-3, 16.627132, 9.710335, 1.2011e-2, 12.011, 12.011, 12011.0
2821, 13984.868, 139.84868, 13.984868, 1.3984868e-2, 13984.868, 139.84868, 13.984868, 1.3984868e-2, 1.079702e-5, 3.2858818e-3, 17.27075, 10.698986, 1.2913e-2, 12.913, 12.913, 12913.0
2811, 13420.401, 134.20401, 13.420402, 1.3420401e-2, 13420.401, 134.20401, 13.420402, 1.3420401e-2, 1.8189616e-5, 4.2649284e-3, 17.68533, 9.155473, 1.1916e-2, 11.916, 11.916, 11916.0
2801, 14343.101, 143.431, 14.343101, 1.4343101e-2, 14343.101, 143.431, 14.343101, 1.4343101e-2, 1.3119851e-5, 3.6221335e-3, 17.965235, 10.720967, 1.3165e-2, 13.165, 13.165, 13165.0
2791, 13351.5, 133.515, 13.3515, 1.33515e-2, 13351.5, 133.515, 13.3515, 1.33515e-2, 1.2520667e-5, 3.5384553e-3, 16.889956, 9.813045, 1.2151e-2, 12.151, 12.151, 12151.0
2781, 14105.566, 141.05566, 14.105567, 1.4105567e-2, 14105.566, 141.05566, 14.105567, 1.4105567e-2, 1.0614922e-5, 3.2580548e-3, 17.36362, 10.847511, 1.3038e-2, 13.038, 13.038, 13038.0
2771, 14963.033, 149.63034, 14.963034, 1.4963034e-2, 14963.033, 149.63034, 14.963034, 1.4963034e-2, 2.041418e-5, 4.5182053e-3, 19.481237, 10.444828, 1.3541e-2, 13.541, 13.541, 13541.0
2761, 12871.164, 128.71164, 12.871164, 1.2871164e-2, 12871.164, 128.71164, 12.871164, 1.2871164e-2, 9.503583e-6, 3.082788e-3, 15.953953, 9.788375, 1.1752e-2, 11.752, 11.752, 11752.0
2751, 13970.368, 139.70369, 13.970368, 1.3970369e-2, 13970.368, 139.70369, 13.970368, 1.3970369e-2, 1.1880576e-5, 3.4468211e-3, 17.417189, 10.523547, 1.2565e-2, 12.565, 12.565, 12565.0
2741, 13563.731, 135.63731, 13.563732, 1.3563732e-2, 13563.731, 135.63731, 13.563732, 1.3563732e-2, 9.910447e-6, 3.1480864e-3, 16.711819, 10.415646, 1.2491e-2, 12.491, 12.491, 12491.0
2731, 14784.7, 147.847, 14.7847, 1.47847e-2, 14784.7, 147.847, 14.7847, 1.47847e-2, 9.94663e-6, 3.1538277e-3, 17.938528, 11.630873, 1.3761e-2, 13.761, 13.761, 13761.0
2721, 14762.835, 147.62834, 14.762835, 1.4762835e-2, 14762.835, 147.62834, 14.762835, 1.4762835e-2, 1.5761827e-5, 3.970117e-3, 18.732952, 10.792717, 1.3369e-2, 13.3689995, 13.3689995, 13369.0
2711, 15276.101, 152.761, 15.2761, 1.52761005e-2, 15276.101, 152.761, 15.2761, 1.52761005e-2, 1.3974392e-5, 3.7382338e-3, 19.014334, 11.537867, 1.4063e-2, 14.063, 14.063, 14063.0
2701, 14141.933, 141.41933, 14.141933, 1.4141933e-2, 14141.933, 141.41933, 14.141933, 1.4141933e-2, 1.5757032e-5, 3.969513e-3, 18.111444, 10.1724205, 1.2995e-2, 12.995, 12.995, 12995.0
2691, 12797.866, 127.97866, 12.797866, 1.2797866e-2, 12797.866, 127.97866, 12.797866, 1.2797866e-2, 1.2092413e-5, 3.4774148e-3, 16.275282, 9.320451, 1.1812e-2, 11.811999, 11.811999, 11812.0
2681, 13086.299, 130.86299, 13.086299, 1.30862985e-2, 13086.299, 130.86299, 13.086299, 1.30862985e-2, 1.4468694e-5, 3.8037736e-3, 16.890072, 9.282525, 1.1775e-2, 11.775, 11.775, 11775.0
2671, 12731.534, 127.315346, 12.731534, 1.2731534e-2, 12731.534, 127.315346, 12.731534, 1.2731534e-2, 1.0453123e-5, 3.233129e-3, 15.964663, 9.498405, 1.173e-2, 11.7300005, 11.7300005, 11730.0
2661, 10648.834, 106.488335, 10.648833, 1.0648834e-2, 10648.834, 106.488335, 10.648833, 1.0648834e-2, 9.804117e-6, 3.1311528e-3, 13.779986, 7.5176806, 9.63e-3, 9.63, 9.63, 9630.0
2651, 11343.968, 113.43968, 11.343968, 1.1343968e-2, 11343.968, 113.43968, 11.343968, 1.1343968e-2, 1.0262296e-5, 3.203482e-3, 14.54745, 8.140486, 1.0203e-2, 10.203, 10.203, 10203.0
2641, 11459.366, 114.593666, 11.459367, 1.1459366e-2, 11459.366, 114.593666, 11.459367, 1.1459366e-2, 8.789178e-6, 2.9646547e-3, 14.424022, 8.494712, 1.0545e-2, 10.545, 10.545, 10545.0
2631, 11844.399, 118.44399, 11.844399, 1.1844399e-2, 11844.399, 118.44399, 11.844399, 1.1844399e-2, 9.765807e-6, 3.1250292e-3, 14.969429, 8.71937, 1.068e-2, 10.68, 10.68, 10680.0
2621, 10117.065, 101.170654, 10.117065, 1.0117065e-2, 10117.065, 101.170654, 10.117065, 1.0117065e-2, 1.0342591e-5, 3.2159898e-3, 13.3330555, 6.9010754, 9.113e-3, 9.113, 9.113, 9113.0
2611, 11174.268, 111.74267, 11.174267, 1.1174267e-2, 11174.268, 111.74267, 11.174267, 1.1174267e-2, 9.718268e-6, 3.1174137e-3, 14.291681, 8.056853, 1.0176e-2, 10.176001, 10.176001, 10176.0
2601, 11324.934, 113.24934, 11.324934, 1.1324934e-2, 11324.934, 113.24934, 11.324934, 1.1324934e-2, 1.0321286e-5, 3.212676e-3, 14.53761, 8.112257, 1.0263e-2, 10.263, 10.263, 10263.0
2591, 11362.368, 113.62368, 11.362369, 1.1362368e-2, 11362.368, 113.62368, 11.362369, 1.1362368e-2, 1.2737047e-5, 3.5689e-3, 14.931268, 7.7934685, 1.0075e-2, 10.075, 10.075, 10075.0
2581, 10315.498, 103.15498, 10.315498, 1.0315498e-2, 10315.498, 103.15498, 10.315498, 1.0315498e-2, 9.83314e-6, 3.1357838e-3, 13.451282, 7.1797147, 9.414e-3, 9.4140005, 9.4140005, 9414.0
2571, 10098.434, 100.98433, 10.0984335, 1.0098433e-2, 10098.434, 100.98433, 10.0984335, 1.0098433e-2, 1.0067564e-5, 3.1729424e-3, 13.271376, 6.925491, 9.11e-3, 9.11, 9.11, 9110.0
2561, 10819.934, 108.19933, 10.819933, 1.0819933e-2, 10819.934, 108.19933, 10.819933, 1.0819933e-2, 9.715747e-6, 3.1170093e-3, 13.936942, 7.7029243, 9.803e-3, 9.8029995, 9.8029995, 9803.0
2551, 11079.732, 110.797325, 11.079732, 1.1079732e-2, 11079.732, 110.797325, 11.079732, 1.1079732e-2, 8.882713e-6, 2.980388e-3, 14.06012, 8.099344, 1.0073e-2, 10.073, 10.073, 10073.0
2541, 10692.267, 106.92267, 10.692266, 1.0692267e-2, 10692.267, 106.92267, 10.692266, 1.0692267e-2, 1.0566955e-5, 3.2506853e-3, 13.942952, 7.4415812, 9.682e-3, 9.681999, 9.681999, 9682.0
2531, 11953.699, 119.536995, 11.953699, 1.1953699e-2, 11953.699, 119.536995, 11.953699, 1.1953699e-2, 1.615748e-5, 4.019637e-3, 15.973337, 7.934062, 1.0546e-2, 10.546, 10.546, 10546.0
2521, 11416.168, 114.16168, 11.416168, 1.1416168e-2, 11416.168, 114.16168, 11.416168, 1.1416168e-2, 9.229345e-6, 3.0379838e-3, 14.454151, 8.378184, 1.0465e-2, 10.465, 10.465, 10465.0
2511, 10027.1, 100.270996, 10.0271, 1.0027099e-2, 10027.1, 100.270996, 10.0271, 1.0027099e-2, 9.144746e-6, 3.0240281e-3, 13.051128, 7.0030713, 9.189e-3, 9.189, 9.189, 9189.0
2501, 10302.301, 103.023, 10.3023, 1.0302301e-2, 10302.301, 103.023, 10.3023, 1.0302301e-2, 9.483233e-6, 3.0794858e-3, 13.381786, 7.2228146, 9.38e-3, 9.38, 9.38, 9380.0
2491, 10789.201, 107.89201, 10.789202, 1.0789202e-2, 10789.201, 107.89201, 10.789202, 1.0789202e-2, 1.1806348e-5, 3.4360366e-3, 14.225238, 7.353165, 9.769e-3, 9.769, 9.769, 9769.0
2481, 10620.2, 106.202, 10.6202, 1.06202e-2, 10620.2, 106.202, 10.6202, 1.06202e-2, 6.1119476e-6, 2.4722354e-3, 13.092436, 8.1479645, 9.845e-3, 9.844999, 9.844999, 9845.0
2471, 10867.332, 108.673325, 10.867332, 1.0867332e-2, 10867.332, 108.673325, 10.867332, 1.0867332e-2, 9.46324e-6, 3.0762379e-3, 13.94357, 7.7910943, 9.892e-3, 9.892, 9.892, 9892.0
2461, 11987.268, 119.87268, 11.987268, 1.1987268e-2, 11987.268, 119.87268, 11.987268, 1.1987268e-2, 1.5378018e-5, 3.921482e-3, 15.90875, 8.065786, 1.0604e-2, 10.604, 10.604, 10604.0
2451, 10634.969, 106.34969, 10.634969, 1.0634969e-2, 10634.969, 106.34969, 10.634969, 1.0634969e-2, 9.026906e-6, 3.004481e-3, 13.63945, 7.630488, 9.644e-3, 9.644, 9.644, 9644.0
2441, 11602.601, 116.02601, 11.602601, 1.1602601e-2, 11602.601, 116.02601, 11.602601, 1.1602601e-2, 8.148522e-6, 2.8545617e-3, 14.457163, 8.748039, 1.0695e-2, 10.695001, 10.695001, 10695.0
2431, 10467.801, 104.678, 10.4678, 1.04678e-2, 10467.801, 104.678, 10.4678, 1.04678e-2, 8.633583e-6, 2.938296e-3, 13.406096, 7.529505, 9.581e-3, 9.580999, 9.580999, 9581.0
2421, 10928.701, 109.28702, 10.928701, 1.0928702e-2, 10928.701, 109.28702, 10.928701, 1.0928702e-2, 9.507785e-6, 3.0834696e-3, 14.012171, 7.8452325, 9.893e-3, 9.893, 9.893, 9893.0
2411, 10542.934, 105.42934, 10.542933, 1.0542934e-2, 10542.934, 105.42934, 10.542933, 1.0542934e-2, 8.677112e-6, 2.945694e-3, 13.488628, 7.5972395, 9.489e-3, 9.489, 9.489, 9489.0
2401, 9841.934, 98.41934, 9.841934, 9.841934e-3, 9841.934, 98.41934, 9.841934, 9.841934e-3, 5.221073e-6, 2.2849666e-3, 12.126901, 7.5569673, 9.4e-3, 9.4, 9.4, 9400.0
2391, 8570.733, 85.70734, 8.570733, 8.5707335e-3, 8570.733, 85.70734, 8.570733, 8.5707335e-3, 6.4323726e-6, 2.5362123e-3, 11.106946, 6.0345216, 7.815e-3, 7.8149996, 7.8149996, 7814.9995
2381, 8107.8345, 81.07835, 8.107835, 8.1078345e-3, 8107.8345, 81.07835, 8.107835, 8.1078345e-3, 4.2359566e-6, 2.058144e-3, 10.165978, 6.0496907, 7.549e-3, 7.549, 7.549, 7549.0
2371, 8105.833, 81.058334, 8.105833, 8.105833e-3, 8105.833, 81.058334, 8.105833, 8.105833e-3, 6.433578e-6, 2.5364498e-3, 10.6422825, 5.5693836, 7.107e-3, 7.107, 7.107, 7107.0
2361, 7706.6997, 77.067, 7.7067, 7.7067e-3, 7706.6997, 77.067, 7.7067, 7.7067e-3, 3.2486344e-6, 1.8023968e-3, 9.509097, 5.904303, 7.204e-3, 7.204, 7.204, 7204.0
2351, 9281.101, 92.811005, 9.2811, 9.281101e-3, 9281.101, 92.811005, 9.2811, 9.281101e-3, 6.7330525e-6, 2.5948125e-3, 11.875914, 6.686288, 8.422e-3, 8.422, 8.422, 8422.0
2341, 8233.901, 82.33901, 8.233901, 8.233901e-3, 8233.901, 82.33901, 8.233901, 8.233901e-3, 4.3654295e-6, 2.089361e-3, 10.323262, 6.1445403, 7.763e-3, 7.763, 7.763, 7763.0
2331, 7831.567, 78.31567, 7.831567, 7.831567e-3, 7831.567, 78.31567, 7.831567, 7.831567e-3, 5.109145e-6, 2.2603418e-3, 10.091908, 5.571225, 7.114e-3, 7.1140003, 7.1140003, 7114.0
2321, 8017.3667, 80.17367, 8.017366, 8.017367e-3, 8017.3667, 80.17367, 8.017366, 8.017367e-3, 4.8272937e-6, 2.1971103e-3, 10.214477, 5.8202567, 7.333e-3, 7.333, 7.333, 7333.0
2311, 8366.3, 83.662994, 8.3663, 8.3663e-3, 8366.3, 83.662994, 8.3663, 8.3663e-3, 6.399398e-6, 2.529703e-3, 10.896003, 5.8365965, 7.567e-3, 7.567, 7.567, 7567.0
2301, 8473.733, 84.737335, 8.473734, 8.473733e-3, 8473.733, 84.737335, 8.473734, 8.473733e-3, 6.2812046e-6, 2.506233e-3, 10.979966, 5.9675007, 7.653e-3, 7.653, 7.653, 7653.0
2291, 8488.467, 84.88467, 8.488467, 8.488467e-3, 8488.467, 84.88467, 8.488467, 8.488467e-3, 5.8447204e-6, 2.4175856e-3, 10.906053, 6.0708814, 7.79e-3, 7.79, 7.79, 7790.0
2281, 7640.467, 76.40466, 7.6404667, 7.6404666e-3, 7640.467, 76.40466, 7.6404667, 7.6404666e-3, 4.420554e-6, 2.1025112e-3, 9.742978, 5.5379553, 7.07e-3, 7.0699997, 7.0699997, 7070.0
2271, 8514.101, 85.14101, 8.514101, 8.514101e-3, 8514.101, 85.14101, 8.514101, 8.514101e-3, 4.0890477e-6, 2.0221395e-3, 10.536241, 6.491961, 7.973e-3, 7.9730005, 7.9730005, 7973.0005
2261, 7604.434, 76.04434, 7.604434, 7.604434e-3, 7604.434, 76.04434, 7.604434, 7.604434e-3, 3.6389006e-6, 1.9075903e-3, 9.512024, 5.6968436, 7.176e-3, 7.176, 7.176, 7176.0
2251, 8403.267, 84.03267, 8.403267, 8.403267e-3, 8403.267, 84.03267, 8.403267, 8.403267e-3, 2.707527e-6, 1.6454565e-3, 10.048723, 6.75781, 8.031e-3, 8.031, 8.031, 8031.0005
2241, 8661.734, 86.61734, 8.661734, 8.661734e-3, 8661.734, 86.61734, 8.661734, 8.661734e-3, 4.0432387e-6, 2.0107806e-3, 10.672514, 6.650954, 8.158e-3, 8.158, 8.158, 8158.0
2231, 9296.1, 92.961, 9.2961, 9.2961e-3, 9296.1, 92.961, 9.2961, 9.2961e-3, 4.95108e-6, 2.2251022e-3, 11.521201, 7.0709977, 8.485e-3, 8.485, 8.485, 8485.0
2221, 8346.633, 83.46633, 8.346633, 8.346633e-3, 8346.633, 83.46633, 8.346633, 8.346633e-3, 3.7511365e-6, 1.9367851e-3, 10.283418, 6.409848, 7.883e-3, 7.8830004, 7.8830004, 7883.0
2211, 7254.634, 72.54633, 7.2546334, 7.2546336e-3, 7254.634, 72.54633, 7.2546334, 7.2546336e-3, 3.9784763e-6, 1.994612e-3, 9.249246, 5.260021, 6.681e-3, 6.6809998, 6.6809998, 6681.0
2201, 9846.533, 98.46534, 9.846534, 9.846534e-3, 9846.533, 98.46534, 9.846534, 9.846534e-3, 6.4635433e-6, 2.54235e-3, 12.388884, 7.3041835, 8.963e-3, 8.963, 8.963, 8963.0
2191, 8288.4, 82.884, 8.288401, 8.2884e-3, 8288.4, 82.884, 8.288401, 8.2884e-3, 4.018059e-6, 2.0045096e-3, 10.29291, 6.2838902, 7.768e-3, 7.768, 7.768, 7768.0
2181, 6824.0005, 68.240005, 6.8240004, 6.8240003e-3, 6824.0005, 68.240005, 6.8240004, 6.8240003e-3, 3.4595066e-6, 1.8599749e-3, 8.683975, 4.964025, 6.378e-3, 6.3780003, 6.3780003, 6378.0
2171, 8311.7, 83.117004, 8.3117, 8.3117e-3, 8311.7, 83.117004, 8.3117, 8.3117e-3, 5.3588515e-6, 2.3149194e-3, 10.626619, 5.9967804, 7.528e-3, 7.528, 7.528, 7528.0
2161, 7786.6665, 77.86667, 7.7866664, 7.7866665e-3, 7786.6665, 77.86667, 7.7866664, 7.7866665e-3, 8.317854e-6, 2.884069e-3, 10.670735, 4.9025974, 7.055e-3, 7.055, 7.055, 7055.0
2151, 7974.8677, 79.74868, 7.974868, 7.974868e-3, 7974.8677, 79.74868, 7.974868, 7.974868e-3, 6.9139555e-6, 2.62944e-3, 10.604308, 5.3454275, 7.237e-3, 7.237, 7.237, 7237.0
2141, 8494.232, 84.94233, 8.494233, 8.494233e-3, 8494.232, 84.94233, 8.494233, 8.494233e-3, 4.3745163e-6, 2.0915344e-3, 10.585767, 6.4026985, 7.802e-3, 7.8019996, 7.8019996, 7802.0
2131, 7241.0, 72.409996, 7.241, 7.241e-3, 7241.0, 72.409996, 7.241, 7.241e-3, 2.497736e-6, 1.5804227e-3, 8.821423, 5.6605773, 6.795e-3, 6.7949996, 6.7949996, 6795.0
2121, 9066.767, 90.66766, 9.066766, 9.066766e-3, 9066.767, 90.66766, 9.066766, 9.066766e-3, 8.02853e-6, 2.833466e-3, 11.900232, 6.2333, 8.12e-3, 8.120001, 8.120001, 8120.0005
2111, 8617.033, 86.170334, 8.617033, 8.617033e-3, 8617.033, 86.170334, 8.617033, 8.617033e-3, 5.0273857e-6, 2.2421833e-3, 10.859217, 6.37485, 7.92e-3, 7.9199996, 7.9199996, 7920.0
2101, 7577.5674, 75.77567, 7.5775676, 7.5775674e-3, 7577.5674, 75.77567, 7.5775676, 7.5775674e-3, 3.2557757e-6, 1.8043768e-3, 9.381945, 5.7731905, 7.243e-3, 7.243, 7.243, 7243.0
2091, 6340.3, 63.402996, 6.3402996, 6.3402997e-3, 6340.3, 63.402996, 6.3402996, 6.3402997e-3, 3.7691682e-6, 1.9414346e-3, 8.2817335, 4.398865, 5.862e-3, 5.862, 5.862, 5862.0
2081, 6083.001, 60.83001, 6.083001, 6.083001e-3, 6083.001, 60.83001, 6.083001, 6.083001e-3, 4.2049655e-6, 2.0506012e-3, 8.133602, 4.0323997, 5.553e-3, 5.553, 5.553, 5553.0
2071, 6394.9995, 63.949997, 6.3949995, 6.3949996e-3, 6394.9995, 63.949997, 6.3949995, 6.3949996e-3, 3.6605443e-6, 1.9132548e-3, 8.308254, 4.481745, 5.98e-3, 5.98, 5.98, 5980.0
2061, 5351.4326, 53.514324, 5.351433, 5.3514326e-3, 5351.4326, 53.514324, 5.351433, 5.3514326e-3, 3.3389151e-6, 1.8272699e-3, 7.1787024, 3.5241628, 4.936e-3, 4.936, 4.936, 4936.0
2051, 7459.034, 74.59034, 7.4590344, 7.459034e-3, 7459.034, 74.59034, 7.4590344, 7.459034e-3, 1.3343109e-5, 3.652822e-3, 11.111856, 3.8062122, 6.313e-3, 6.3129997, 6.3129997, 6313.0
2041, 6199.134, 61.991337, 6.1991334, 6.1991336e-3, 6199.134, 61.991337, 6.1991334, 6.1991336e-3, 3.2575288e-6, 1.8048625e-3, 8.003996, 4.394271, 5.801e-3, 5.801, 5.801, 5801.0
2031, 6134.8994, 61.348995, 6.134899, 6.1348993e-3, 6134.8994, 61.348995, 6.134899, 6.1348993e-3, 2.9797861e-6, 1.7262057e-3, 7.861105, 4.408694, 5.707e-3, 5.707, 5.707, 5707.0
2021, 5881.434, 58.814342, 5.8814344, 5.8814343e-3, 5881.434, 58.814342, 5.8814344, 5.8814343e-3, 3.4307336e-6, 1.852224e-3, 7.7336583, 4.02921, 5.469e-3, 5.469, 5.469, 5469.0
2011, 6124.667, 61.24667, 6.1246667, 6.124667e-3, 6124.667, 61.24667, 6.1246667, 6.124667e-3, 4.027168e-6, 2.0067806e-3, 8.131447, 4.1178865, 5.579e-3, 5.579, 5.579, 5579.0
2001, 5893.8994, 58.938995, 5.8938994, 5.8938996e-3, 5893.8994, 58.938995, 5.8938994, 5.8938996e-3, 3.30105e-6, 1.8168791e-3, 7.7107787, 4.0770206, 5.413e-3, 5.413, 5.413, 5413.0
1991, 6259.4, 62.593998, 6.2594, 6.2594e-3, 6259.4, 62.593998, 6.2594, 6.2594e-3, 3.0332353e-6, 1.7416186e-3, 8.001019, 4.5177817, 5.846e-3, 5.8459997, 5.8459997, 5846.0
1981, 6550.967, 65.50967, 6.5509667, 6.5509668e-3, 6550.967, 65.50967, 6.5509667, 6.5509668e-3, 5.194558e-6, 2.2791573e-3, 8.830125, 4.2718096, 5.865e-3, 5.8650002, 5.8650002, 5865.0
1971, 4432.6006, 44.326004, 4.4326005, 4.4326005e-3, 4432.6006, 44.326004, 4.4326005, 4.4326005e-3, 2.982975e-6, 1.7271291e-3, 6.1597295, 2.7054713, 4.061e-3, 4.061, 4.061, 4061.0
1961, 5575.8994, 55.758995, 5.5758996, 5.5758995e-3, 5575.8994, 55.758995, 5.5758996, 5.5758995e-3, 2.0854941e-7, 4.566721e-4, 6.032572, 5.1192274, 5.408e-3, 5.408, 5.408, 5408.0
1951, 4708.1997, 47.081997, 4.7082, 4.7081998e-3, 4708.1997, 47.081997, 4.7082, 4.7081998e-3, 1.7977506e-7, 4.239989e-4, 5.132199, 4.2842007, 4.605e-3, 4.605, 4.605, 4605.0
1941, 5857.9004, 58.579002, 5.8579, 5.8579003e-3, 5857.9004, 58.579002, 5.8579, 5.8579003e-3, 1.9177057e-6, 1.3848125e-3, 7.2427125, 4.473088, 5.503e-3, 5.5030003, 5.5030003, 5503.0
1931, 5989.2, 59.892, 5.9892, 5.9892e-3, 5989.2, 59.892, 5.9892, 5.9892e-3, 4.2511698e-7, 6.5200997e-4, 6.64121, 5.3371897, 5.789e-3, 5.789, 5.789, 5789.0
1921, 6569.7344, 65.69734, 6.569734, 6.5697343e-3, 6569.7344, 65.69734, 6.569734, 6.5697343e-3, 3.8015826e-6, 1.9497648e-3, 8.519499, 4.6199694, 5.974e-3, 5.974, 5.974, 5974.0
1911, 6054.9336, 60.549335, 6.0549335, 6.0549336e-3, 6054.9336, 60.549335, 6.0549335, 6.0549336e-3, 3.7932953e-6, 1.9476383e-3, 8.002572, 4.1072955, 5.371e-3, 5.3710003, 5.3710003, 5371.0
1901, 5060.5, 50.605, 5.0605, 5.0605e-3, 5060.5, 50.605, 5.0605, 5.0605e-3, 3.1298387e-7, 5.594496e-4, 5.61995, 4.5010505, 4.966e-3, 4.966, 4.966, 4966.0
1891, 6870.833, 68.708336, 6.8708334, 6.870833e-3, 6870.833, 68.708336, 6.8708334, 6.870833e-3, 3.7631148e-6, 1.939875e-3, 8.810708, 4.9309583, 6.424e-3, 6.424, 6.424, 6424.0
1881, 5726.533, 57.26533, 5.726533, 5.726533e-3, 5726.533, 57.26533, 5.726533, 5.726533e-3, 2.821341e-6, 1.6796849e-3, 7.406218, 4.046848, 5.336e-3, 5.336, 5.336, 5336.0
1871, 4897.7334, 48.977333, 4.897733, 4.897733e-3, 4897.7334, 48.977333, 4.897733, 4.897733e-3, 2.5803242e-6, 1.6063388e-3, 6.5040717, 3.2913945, 4.5e-3, 4.5, 4.5, 4500.0
1861, 6044.134, 60.44134, 6.044134, 6.044134e-3, 6044.134, 60.44134, 6.044134, 6.044134e-3, 6.2128847e-6, 2.492566e-3, 8.5367, 3.551568, 5.385e-3, 5.3849998, 5.3849998, 5385.0
1851, 5147.466, 51.47466, 5.147466, 5.147466e-3, 5147.466, 51.47466, 5.147466, 5.147466e-3, 1.4644952e-7, 3.8268723e-4, 5.5301533, 4.7647786, 5.078e-3, 5.078, 5.078, 5078.0
1841, 5417.333, 54.17333, 5.417333, 5.417333e-3, 5417.333, 54.17333, 5.417333, 5.417333e-3, 6.4313673e-7, 8.019581e-4, 6.219291, 4.615375, 5.177e-3, 5.177, 5.177, 5177.0
1831, 5321.4663, 53.214664, 5.3214664, 5.3214664e-3, 5321.4663, 53.214664, 5.3214664, 5.3214664e-3, 2.4669594e-6, 1.5706557e-3, 6.8921223, 3.7508106, 4.952e-3, 4.952, 4.952, 4952.0
1821, 5491.0674, 54.91067, 5.4910674, 5.491067e-3, 5491.0674, 54.91067, 5.4910674, 5.491067e-3, 1.2535535e-6, 1.119622e-3, 6.610689, 4.371445, 5.201e-3, 5.2009997, 5.2009997, 5201.0
1811, 5736.801, 57.368008, 5.7368007, 5.736801e-3, 5736.801, 57.368008, 5.7368007, 5.736801e-3, 3.3880897e-6, 1.8406764e-3, 7.577477, 3.8961244, 5.237e-3, 5.237, 5.237, 5237.0
1801, 5945.2, 59.452, 5.9452, 5.9452e-3, 5945.2, 59.452, 5.9452, 5.9452e-3, 3.7483692e-6, 1.9360705e-3, 7.881271, 4.0091295, 5.428e-3, 5.428, 5.428, 5428.0
1791, 3612.3667, 36.12367, 3.6123667, 3.6123667e-3, 3612.3667, 36.12367, 3.6123667, 3.6123667e-3, 4.668102e-6, 2.1605792e-3, 5.772946, 1.4517876, 3.217e-3, 3.217, 3.217, 3217.0
1781, 4640.633, 46.406326, 4.6406326, 4.640633e-3, 4640.633, 46.406326, 4.6406326, 4.640633e-3, 4.21572e-6, 2.053222e-3, 6.693855, 2.587411, 4.106e-3, 4.106, 4.106, 4106.0
1771, 3875.0334, 38.750336, 3.8750334, 3.8750335e-3, 3875.0334, 38.750336, 3.8750334, 3.8750335e-3, 3.96629e-6, 1.9915546e-3, 5.866588, 1.8834789, 3.419e-3, 3.419, 3.419, 3419.0
1761, 3635.1333, 36.351334, 3.6351333, 3.6351334e-3, 3635.1333, 36.351334, 3.6351333, 3.6351334e-3, 1.9885691e-7, 4.4593375e-4, 4.081067, 3.1891997, 3.556e-3, 3.556, 3.556, 3556.0
1751, 3218.5332, 32.185333, 3.2185333, 3.2185332e-3, 3218.5332, 32.185333, 3.2185333, 3.2185332e-3, 2.337402e-7, 4.8346684e-4, 3.702, 2.7350664, 3.121e-3, 3.121, 3.121, 3121.0
1741, 4065.133, 40.651333, 4.065133, 4.065133e-3, 4065.133, 40.651333, 4.065133, 4.065133e-3, 4.4168968e-7, 6.645974e-4, 4.7297306, 3.4005358, 3.926e-3, 3.926, 3.926, 3926.0
1731, 3937.8665, 39.378666, 3.9378664, 3.9378665e-3, 3937.8665, 39.378666, 3.9378664, 3.9378665e-3, 2.2852234e-6, 1.5116956e-3, 5.4495625, 2.426171, 3.607e-3, 3.6069999, 3.6069999, 3607.0
1721, 3673.5999, 36.735996, 3.6735997, 3.6735998e-3, 3673.5999, 36.735996, 3.6735997, 3.6735998e-3, 3.012798e-7, 5.488896e-4, 4.2224894, 3.12471, 3.475e-3, 3.475, 3.475, 3475.0
1711, 4345.366, 43.453663, 4.3453665, 4.3453663e-3, 4345.366, 43.453663, 4.3453665, 4.3453663e-3, 3.7846148e-6, 1.9454086e-3, 6.290775, 2.3999577, 3.81e-3, 3.81, 3.81, 3810.0
1701, 4024.6, 40.246002, 4.0246, 4.0246e-3, 4024.6, 40.246002, 4.0246, 4.0246e-3, 2.388711e-6, 1.5455455e-3, 5.5701456, 2.4790545, 3.734e-3, 3.734, 3.734, 3734.0
1691, 4232.633, 42.32633, 4.232633, 4.232633e-3, 4232.633, 42.32633, 4.232633, 4.232633e-3, 2.9772905e-6, 1.7254826e-3, 5.9581156, 2.5071502, 3.828e-3, 3.828, 3.828, 3828.0
1681, 3870.4673, 38.704674, 3.8704672, 3.8704672e-3, 3870.4673, 38.704674, 3.8704672, 3.8704672e-3, 2.1931287e-7, 4.683085e-4, 4.3387756, 3.4021587, 3.805e-3, 3.805, 3.805, 3805.0
1671, 3631.9995, 36.319996, 3.6319995, 3.6319995e-3, 3631.9995, 36.319996, 3.6319995, 3.6319995e-3, 2.2326683e-6, 1.4942116e-3, 5.1262107, 2.1377878, 3.201e-3, 3.201, 3.201, 3201.0
1661, 3513.167, 35.131668, 3.513167, 3.513167e-3, 3513.167, 35.131668, 3.513167, 3.513167e-3, 5.4966364e-7, 7.41393e-4, 4.25456, 2.7717738, 3.354e-3, 3.3539999, 3.3539999, 3354.0
1651, 4076.4004, 40.764004, 4.0764003, 4.0764003e-3, 4076.4004, 40.764004, 4.0764003, 4.0764003e-3, 2.7154426e-6, 1.64786e-3, 5.724261, 2.4285402, 3.654e-3, 3.6539998, 3.6539998, 3654.0
1641, 3780.7002, 37.807003, 3.7807002, 3.7807003e-3, 3780.7002, 37.807003, 3.7807002, 3.7807003e-3, 4.868346e-7, 6.9773535e-4, 4.4784355, 3.0829651, 3.639e-3, 3.639, 3.639, 3639.0
1631, 3970.1667, 39.701668, 3.9701667, 3.9701667e-3, 3970.1667, 39.701668, 3.9701667, 3.9701667e-3, 2.2094689e-7, 4.7004988e-4, 4.4402165, 3.5001168, 3.875e-3, 3.875, 3.875, 3875.0
1621, 3884.1663, 38.841663, 3.8841662, 3.8841662e-3, 3884.1663, 38.841663, 3.8841662, 3.8841662e-3, 2.0463003e-6, 1.4304896e-3, 5.314656, 2.4536767, 3.535e-3, 3.5349998, 3.5349998, 3535.0
1611, 4101.967, 41.01967, 4.101967, 4.101967e-3, 4101.967, 41.01967, 4.101967, 4.101967e-3, 7.279111e-7, 8.5317704e-4, 4.955144, 3.2487898, 3.765e-3, 3.765, 3.765, 3765.0
1601, 3907.0667, 39.070667, 3.9070668, 3.907067e-3, 3907.0667, 39.070667, 3.9070668, 3.907067e-3, 2.599375e-6, 1.6122577e-3, 5.5193243, 2.294809, 3.483e-3, 3.483, 3.483, 3483.0
1591, 3600.5334, 36.005333, 3.6005332, 3.6005334e-3, 3600.5334, 36.005333, 3.6005332, 3.6005334e-3, 3.895875e-7, 6.241695e-4, 4.224703, 2.976364, 3.432e-3, 3.4320002, 3.4320002, 3432.0
1581, 4290.8335, 42.908337, 4.2908335, 4.2908336e-3, 4290.8335, 42.908337, 4.2908335, 4.2908336e-3, 2.5067957e-6, 1.5832863e-3, 5.8741198, 2.7075472, 3.878e-3, 3.878, 3.878, 3878.0
1571, 3213.4663, 32.134663, 3.2134664, 3.2134664e-3, 3213.4663, 32.134663, 3.2134664, 3.2134664e-3, 2.5134037e-7, 5.0133857e-4, 3.714805, 2.7121277, 3.116e-3, 3.116, 3.116, 3116.0
1561, 3935.9336, 39.359337, 3.9359336, 3.9359336e-3, 3935.9336, 39.359337, 3.9359336, 3.9359336e-3, 1.3630573e-7, 3.6919606e-4, 4.30513, 3.5667374, 3.877e-3, 3.8769999, 3.8769999, 3877.0
1551, 3891.0334, 38.91033, 3.8910334, 3.8910334e-3, 3891.0334, 38.91033, 3.8910334, 3.8910334e-3, 2.4806714e-6, 1.5750147e-3, 5.4660482, 2.3160186, 3.466e-3, 3.466, 3.466, 3466.0
1541, 3522.7334, 35.227333, 3.5227334, 3.5227335e-3, 3522.7334, 35.227333, 3.5227334, 3.5227335e-3, 1.6741966e-6, 1.2939075e-3, 4.8166413, 2.2288258, 3.207e-3, 3.207, 3.207, 3207.0
1531, 3398.7004, 33.987003, 3.3987005, 3.3987004e-3, 3398.7004, 33.987003, 3.3987005, 3.3987004e-3, 2.119716e-7, 4.6040374e-4, 3.8591042, 2.9382966, 3.344e-3, 3.344, 3.344, 3344.0
1521, 4032.5332, 40.325333, 4.032533, 4.032533e-3, 4032.5332, 40.325333, 4.032533, 4.032533e-3, 6.149e-7, 7.8415556e-4, 4.8166885, 3.2483778, 3.84e-3, 3.84, 3.84, 3840.0
1511, 3891.6665, 38.916664, 3.8916664, 3.8916664e-3, 3891.6665, 38.916664, 3.8916664, 3.8916664e-3, 2.1948485e-6, 1.4815021e-3, 5.373169, 2.4101644, 3.388e-3, 3.388, 3.388, 3388.0
1501, 3183.7998, 31.837997, 3.1837997, 3.1837998e-3, 3183.7998, 31.837997, 3.1837997, 3.1837998e-3, 2.4686838e-7, 4.968585e-4, 3.6806583, 2.6869414, 3.029e-3, 3.029, 3.029, 3029.0
1491, 2454.0664, 24.540665, 2.4540665, 2.4540664e-3, 2454.0664, 24.540665, 2.4540665, 2.4540664e-3, 5.1230266e-8, 2.2634104e-4, 2.6804073, 2.2277255, 2.403e-3, 2.4029999, 2.4029999, 2403.0
1481, 2736.6997, 27.366997, 2.7366998, 2.7366998e-3, 2736.6997, 27.366997, 2.7366998, 2.7366998e-3, 5.4966215e-8, 2.3444874e-4, 2.9711485, 2.502251, 2.701e-3, 2.701, 2.701, 2701.0
1471, 2879.3665, 28.793665, 2.8793664, 2.8793665e-3, 2879.3665, 28.793665, 2.8793664, 2.8793665e-3, 5.196424e-8, 2.2795665e-4, 3.1073232, 2.6514099, 2.849e-3, 2.849, 2.849, 2849.0
1461, 2996.6, 29.966, 2.9966, 2.9966e-3, 2996.6, 29.966, 2.9966, 2.9966e-3, 1.7178434e-6, 1.3106653e-3, 4.3072653, 1.6859348, 2.727e-3, 2.727, 2.727, 2727.0
1451, 2620.7002, 26.207003, 2.6207004, 2.6207003e-3, 2620.7002, 26.207003, 2.6207004, 2.6207003e-3, 6.836068e-8, 2.6145874e-4, 2.882159, 2.3592415, 2.61e-3, 2.6100001, 2.6100001, 2610.0
1441, 2364.5334, 23.645334, 2.3645334, 2.3645335e-3, 2364.5334, 23.645334, 2.3645334, 2.3645335e-3, 6.514071e-8, 2.5522677e-4, 2.6197603, 2.1093066, 2.323e-3, 2.323, 2.323, 2323.0
1431, 3008.067, 30.08067, 3.008067, 3.008067e-3, 3008.067, 30.08067, 3.008067, 3.008067e-3, 1.1164134e-6, 1.0566047e-3, 4.0646715, 1.9514623, 2.845e-3, 2.845, 2.845, 2845.0
1421, 2319.0999, 23.190998, 2.3191, 2.3190998e-3, 2319.0999, 23.190998, 2.3191, 2.3190998e-3, 4.3923492e-8, 2.0957932e-4, 2.5286791, 2.1095207, 2.275e-3, 2.275, 2.275, 2275.0
1411, 2745.8333, 27.458332, 2.7458332, 2.7458332e-3, 2745.8333, 27.458332, 2.7458332, 2.7458332e-3, 1.1055739e-7, 3.3250172e-4, 3.078335, 2.4133315, 2.695e-3, 2.695, 2.695, 2695.0
1401, 2403.7666, 24.037666, 2.4037666, 2.4037666e-3, 2403.7666, 24.037666, 2.4037666, 2.4037666e-3, 3.8394447e-8, 1.9594502e-4, 2.5997114, 2.2078216, 2.361e-3, 2.361, 2.361, 2361.0
1391, 2303.3665, 23.033665, 2.3033667, 2.3033665e-3, 2303.3665, 23.033665, 2.3033667, 2.3033665e-3, 4.0983835e-8, 2.0244464e-4, 2.5058112, 2.1009219, 2.254e-3, 2.254, 2.254, 2254.0
1381, 2490.2668, 24.90267, 2.490267, 2.490267e-3, 2490.2668, 24.90267, 2.490267, 2.490267e-3, 2.3378528e-8, 1.5290038e-4, 2.6431673, 2.3373666, 2.494e-3, 2.494, 2.494, 2494.0
1371, 2599.0994, 25.990993, 2.5990994, 2.5990994e-3, 2599.0994, 25.990993, 2.5990994, 2.5990994e-3, 1.2884227e-6, 1.1350871e-3, 3.7341864, 1.4640123, 2.336e-3, 2.3360002, 2.3360002, 2336.0
1361, 2450.6335, 24.506336, 2.4506335, 2.4506336e-3, 2450.6335, 24.506336, 2.4506335, 2.4506336e-3, 9.640922e-8, 3.1049835e-4, 2.7611318, 2.1401353, 2.332e-3, 2.332, 2.332, 2332.0
1351, 1915.4331, 19.154331, 1.915433, 1.9154331e-3, 1915.4331, 19.154331, 1.915433, 1.9154331e-3, 4.0803844e-8, 2.0199962e-4, 2.1174326, 1.7134335, 1.881e-3, 1.881, 1.881, 1881.0
1341, 2411.6335, 24.116335, 2.4116335, 2.4116335e-3, 2411.6335, 24.116335, 2.4116335, 2.4116335e-3, 1.0640583e-6, 1.0315321e-3, 3.4431658, 1.3801014, 2.198e-3, 2.198, 2.198, 2198.0
1331, 2180.2, 21.801998, 2.1801999, 2.1801998e-3, 2180.2, 21.801998, 2.1801999, 2.1801998e-3, 1.0398967e-6, 1.0197533e-3, 3.199953, 1.1604465, 1.957e-3, 1.957, 1.957, 1957.0
1321, 1835.1001, 18.351002, 1.8351002, 1.8351001e-3, 1835.1001, 18.351002, 1.8351002, 1.8351001e-3, 1.5147027e-8, 1.2307326e-4, 1.9581735, 1.7120268, 1.812e-3, 1.8119999, 1.8119999, 1812.0
1311, 2257.1997, 22.571997, 2.2571998, 2.2571997e-3, 2257.1997, 22.571997, 2.2571998, 2.2571997e-3, 1.9697756e-8, 1.403487e-4, 2.3975484, 2.116851, 2.234e-3, 2.234, 2.234, 2234.0
1301, 2386.8335, 23.868336, 2.3868334, 2.3868335e-3, 2386.8335, 23.868336, 2.3868334, 2.3868335e-3, 1.807817e-7, 4.2518432e-4, 2.812018, 1.9616492, 2.203e-3, 2.203, 2.203, 2203.0
1291, 2279.4668, 22.794666, 2.2794666, 2.2794667e-3, 2279.4668, 22.794666, 2.2794666, 2.2794667e-3, 4.7621576e-8, 2.1822368e-4, 2.4976904, 2.0612428, 2.239e-3, 2.239, 2.239, 2239.0
1281, 1872.5667, 18.725666, 1.8725667, 1.8725666e-3, 1872.5667, 18.725666, 1.8725667, 1.8725666e-3, 1.6661643e-8, 1.2907998e-4, 2.0016468, 1.7434866, 1.849e-3, 1.849, 1.849, 1849.0
1271, 2780.6335, 27.806335, 2.7806334, 2.7806335e-3, 2780.6335, 27.806335, 2.7806334, 2.7806335e-3, 9.309126e-7, 9.6483814e-4, 3.7454715, 1.8157954, 2.488e-3, 2.4880002, 2.4880002, 2488.0
1261, 2328.7336, 23.287336, 2.3287337, 2.3287337e-3, 2328.7336, 23.287336, 2.3287337, 2.3287337e-3, 1.9534262e-8, 1.3976502e-4, 2.4684987, 2.1889687, 2.288e-3, 2.2879999, 2.2879999, 2288.0
1251, 2698.4, 26.983997, 2.6983998, 2.6983998e-3, 2698.4, 26.983997, 2.6983998, 2.6983998e-3, 9.563759e-7, 9.779447e-4, 3.6763446, 1.7204552, 2.486e-3, 2.486, 2.486, 2486.0
1241, 2143.3667, 21.433668, 2.1433668, 2.1433667e-3, 2143.3667, 21.433668, 2.1433668, 2.1433667e-3, 1.0000495e-6, 1.0000247e-3, 3.1433916, 1.143342, 1.926e-3, 1.926, 1.926, 1926.0
1231, 1920.1335, 19.201336, 1.9201336, 1.9201336e-3, 1920.1335, 19.201336, 1.9201336, 1.9201336e-3, 3.2546843e-8, 1.8040744e-4, 2.100541, 1.7397262, 1.87e-3, 1.87, 1.87, 1870.0
1221, 2263.5002, 22.635002, 2.2635002, 2.2635001e-3, 2263.5002, 22.635002, 2.2635002, 2.2635001e-3, 1.0299842e-6, 1.0148814e-3, 3.2783816, 1.2486187, 2.029e-3, 2.029, 2.029, 2029.0001
1211, 2300.3667, 23.003668, 2.3003669, 2.3003668e-3, 2300.3667, 23.003668, 2.3003669, 2.3003668e-3, 8.9997775e-7, 9.4867154e-4, 3.2490382, 1.3516953, 2.053e-3, 2.053, 2.053, 2053.0
1201, 2341.0, 23.41, 2.3409998, 2.341e-3, 2341.0, 23.41, 2.3409998, 2.341e-3, 2.8102212e-8, 1.6763715e-4, 2.508637, 2.1733627, 2.288e-3, 2.2879999, 2.2879999, 2288.0
1191, 1287.7335, 12.877336, 1.2877336, 1.2877336e-3, 1287.7335, 12.877336, 1.2877336, 1.2877336e-3, 6.94564e-8, 2.635458e-4, 1.5512793, 1.0241878, 1.178e-3, 1.178, 1.178, 1178.0
1181, 1771.8667, 17.718666, 1.7718667, 1.7718667e-3, 1771.8667, 17.718666, 1.7718667, 1.7718667e-3, 8.775697e-7, 9.367869e-4, 2.7086535, 0.8350798, 1.554e-3, 1.5539999, 1.5539999, 1554.0
1171, 1376.6001, 13.766001, 1.3766001, 1.3766001e-3, 1376.6001, 13.766001, 1.3766001, 1.3766001e-3, 3.04645e-8, 1.7454082e-4, 1.5511409, 1.2020593, 1.311e-3, 1.311, 1.311, 1311.0
1161, 1125.6333, 11.256332, 1.1256332, 1.1256333e-3, 1125.6333, 11.256332, 1.1256332, 1.1256333e-3, 9.04573e-8, 3.007612e-4, 1.4263945, 0.8248721, 1.072e-3, 1.072, 1.072, 1072.0
1151, 1646.7667, 16.467667, 1.6467667, 1.6467667e-3, 1646.7667, 16.467667, 1.6467667, 1.6467667e-3, 5.876837e-7, 7.666053e-4, 2.413372, 0.88016135, 1.447e-3, 1.4469999, 1.4469999, 1447.0
1141, 1306.1666, 13.0616665, 1.3061666, 1.3061666e-3, 1306.1666, 13.0616665, 1.3061666, 1.3061666e-3, 1.4795936e-8, 1.2163855e-4, 1.4278052, 1.1845281, 1.286e-3, 1.286, 1.286, 1286.0
1131, 1287.5668, 12.875668, 1.2875668, 1.2875667e-3, 1287.5668, 12.875668, 1.2875668, 1.2875667e-3, 5.1825236e-8, 2.2765157e-4, 1.5152183, 1.0599152, 1.214e-3, 1.2140001, 1.2140001, 1214.0
1121, 1401.5001, 14.015, 1.4015001, 1.4015001e-3, 1401.5001, 14.015, 1.4015001, 1.4015001e-3, 2.2579849e-8, 1.5026593e-4, 1.5517659, 1.2512342, 1.355e-3, 1.3549999, 1.3549999, 1355.0
1111, 1071.9, 10.719, 1.0719, 1.0719e-3, 1071.9, 10.719, 1.0719, 1.0719e-3, 1.2297623e-8, 1.1089465e-4, 1.1827947, 0.96100533, 1.052e-3, 1.0519999, 1.0519999, 1052.0
1101, 1364.3667, 13.643667, 1.3643668, 1.3643667e-3, 1364.3667, 13.643667, 1.3643668, 1.3643667e-3, 2.8582894e-8, 1.6906476e-4, 1.5334314, 1.195302, 1.316e-3, 1.316, 1.316, 1316.0
1091, 1393.2001, 13.932, 1.3932, 1.3932e-3, 1393.2001, 13.932, 1.3932, 1.3932e-3, 2.1031896e-8, 1.4502378e-4, 1.5382239, 1.2481762, 1.37e-3, 1.37, 1.37, 1370.0
1081, 1482.2668, 14.822668, 1.4822668, 1.4822668e-3, 1482.2668, 14.822668, 1.4822668, 1.4822668e-3, 2.5403002e-8, 1.593832e-4, 1.64165, 1.3228836, 1.456e-3, 1.456, 1.456, 1456.0
1071, 1371.5669, 13.715669, 1.3715669, 1.3715669e-3, 1371.5669, 13.715669, 1.3715669, 1.3715669e-3, 1.3323124e-7, 3.6500854e-4, 1.7365755, 1.0065583, 1.208e-3, 1.208, 1.208, 1208.0
1061, 1281.5668, 12.815668, 1.2815669, 1.2815668e-3, 1281.5668, 12.815668, 1.2815669, 1.2815668e-3, 6.239159e-7, 7.898835e-4, 2.0714502, 0.4916833, 1.106e-3, 1.1060001, 1.1060001, 1106.0
1051, 1134.0336, 11.340336, 1.1340336, 1.1340335e-3, 1134.0336, 11.340336, 1.1340336, 1.1340335e-3, 1.6092168e-8, 1.2685491e-4, 1.2608885, 1.0071787, 1.116e-3, 1.116, 1.116, 1116.0
1041, 1459.5667, 14.595667, 1.4595666, 1.4595666e-3, 1459.5667, 14.595667, 1.4595666, 1.4595666e-3, 6.5378293e-7, 8.0856844e-4, 2.268135, 0.65099823, 1.28e-3, 1.28, 1.28, 1280.0
1031, 1170.8999, 11.709, 1.1709, 1.1709e-3, 1170.8999, 11.709, 1.1709, 1.1709e-3, 4.302129e-8, 2.0741574e-4, 1.3783157, 0.9634842, 1.124e-3, 1.124, 1.124, 1124.0
1021, 1350.7332, 13.507331, 1.3507332, 1.3507331e-3, 1350.7332, 13.507331, 1.3507332, 1.3507331e-3, 2.3367667e-8, 1.5286487e-4, 1.503598, 1.1978682, 1.316e-3, 1.316, 1.316, 1316.0
1011, 1155.2666, 11.552667, 1.1552666, 1.1552667e-3, 1155.2666, 11.552667, 1.1552666, 1.1552667e-3, 2.4480666e-8, 1.56463e-4, 1.3117297, 0.9988037, 1.124e-3, 1.124, 1.124, 1124.0
1001, 1315.6667, 13.156667, 1.3156667, 1.3156667e-3, 1315.6667, 13.156667, 1.3156667, 1.3156667e-3, 4.2459085e-8, 2.0605602e-4, 1.5217228, 1.1096107, 1.283e-3, 1.283, 1.283, 1283.0
991, 1062.5, 10.624999, 1.0625, 1.0624999e-3, 1062.5, 10.624999, 1.0625, 1.0624999e-3, 2.044005e-8, 1.429687e-4, 1.2054687, 0.9195312, 1.032e-3, 1.032, 1.032, 1032.0
981, 1781.8668, 17.818668, 1.7818668, 1.7818668e-3, 1781.8668, 17.818668, 1.7818668, 1.7818668e-3, 6.51584e-7, 8.0720754e-4, 2.5890744, 0.9746592, 1.52e-3, 1.5200001, 1.5200001, 1520.0
971, 1194.1667, 11.941668, 1.1941667, 1.1941667e-3, 1194.1667, 11.941668, 1.1941667, 1.1941667e-3, 3.869947e-8, 1.967218e-4, 1.3908885, 0.997445, 1.125e-3, 1.125, 1.125, 1125.0
961, 1707.3002, 17.073002, 1.7073002, 1.7073002e-3, 1707.3002, 17.073002, 1.7073002, 1.7073002e-3, 2.77425e-7, 5.2671146e-4, 2.2340117, 1.1805887, 1.504e-3, 1.5040001, 1.5040001, 1504.0
951, 1227.6001, 12.276002, 1.2276001, 1.2276002e-3, 1227.6001, 12.276002, 1.2276001, 1.2276002e-3, 5.053948e-7, 7.1091123e-4, 1.9385114, 0.51668894, 9.66e-4, 0.966, 0.966, 966.0
941, 1035.1666, 10.351666, 1.0351666, 1.0351667e-3, 1035.1666, 10.351666, 1.0351666, 1.0351667e-3, 1.5805405e-8, 1.2571955e-4, 1.1608863, 0.9094471, 1.01e-3, 1.01, 1.01, 1010.0
931, 1222.7334, 12.227334, 1.2227334, 1.2227334e-3, 1222.7334, 12.227334, 1.2227334, 1.2227334e-3, 2.6379928e-8, 1.6241899e-4, 1.3851523, 1.0603144, 1.183e-3, 1.1830001, 1.1830001, 1183.0
921, 1396.3998, 13.963998, 1.3963999, 1.3963998e-3, 1396.3998, 13.963998, 1.3963999, 1.3963998e-3, 4.3647393e-7, 6.606617e-4, 2.0570614, 0.7357381, 1.218e-3, 1.2179999, 1.2179999, 1218.0
911, 1276.6665, 12.766665, 1.2766665, 1.2766665e-3, 1276.6665, 12.766665, 1.2766665, 1.2766665e-3, 3.716435e-8, 1.9278059e-4, 1.4694471, 1.0838859, 1.223e-3, 1.223, 1.223, 1223.0
901, 1117.7332, 11.177332, 1.1177332, 1.1177332e-3, 1117.7332, 11.177332, 1.1177332, 1.1177332e-3, 2.929928e-9, 5.412881e-5, 1.171862, 1.0636044, 1.106e-3, 1.1060001, 1.1060001, 1106.0
891, 567.2333, 5.6723332, 0.5672333, 5.672333e-4, 567.2333, 5.6723332, 0.5672333, 5.672333e-4, 1.4500377e-8, 1.2041751e-4, 0.6876508, 0.4468158, 5.47e-4, 0.547, 0.547, 547.0
881, 681.7333, 6.817333, 0.6817333, 6.817333e-4, 681.7333, 6.817333, 0.6817333, 6.817333e-4, 3.5097e-8, 1.8734192e-4, 0.86907524, 0.49439135, 6.28e-4, 0.628, 0.628, 628.0
871, 626.8334, 6.2683334, 0.6268334, 6.2683335e-4, 626.8334, 6.2683334, 0.6268334, 6.2683335e-4, 4.7099644e-7, 6.862918e-4, 1.3131251, -5.9458427e-2, 4.75e-4, 0.475, 0.475, 475.0
861, 574.76666, 5.7476664, 0.57476664, 5.7476666e-4, 574.76666, 5.7476664, 0.57476664, 5.7476666e-4, 1.2791244e-8, 1.1309838e-4, 0.687865, 0.46166828, 5.58e-4, 0.558, 0.558, 558.0
851, 703.19995, 7.0319996, 0.7031999, 7.0319994e-4, 703.19995, 7.0319996, 0.7031999, 7.0319994e-4, 3.9150684e-8, 1.9786532e-4, 0.90106523, 0.5053346, 6.68e-4, 0.66800004, 0.66800004, 668.0
841, 475.06665, 4.7506666, 0.47506666, 4.7506666e-4, 475.06665, 4.7506666, 0.47506666, 4.7506666e-4, 7.573463e-9, 8.702564e-5, 0.5620923, 0.38804102, 4.6e-4, 0.46, 0.46, 460.0
831, 621.26666, 6.2126665, 0.62126666, 6.2126666e-4, 621.26666, 6.2126665, 0.62126666, 6.2126666e-4, 2.4022798e-8, 1.549929e-4, 0.7762596, 0.46627375, 5.99e-4, 0.59900004, 0.59900004, 599.0
821, 722.1, 7.2209997, 0.72209996, 7.2209997e-4, 722.1, 7.2209997, 0.72209996, 7.2209997e-4, 1.8150892e-8, 1.3472525e-4, 0.85682523, 0.58737475, 6.96e-4, 0.696, 0.696, 696.0
811, 744.5334, 7.445334, 0.74453336, 7.445334e-4, 744.5334, 7.445334, 0.74453336, 7.445334e-4, 3.7502982e-8, 1.9365687e-4, 0.9381903, 0.5508765, 7.02e-4, 0.70199996, 0.70199996, 702.0
801, 518.1, 5.1809998, 0.51809996, 5.181e-4, 518.1, 5.1809998, 0.51809996, 5.181e-4, 4.6939217e-8, 2.166546e-4, 0.7347546, 0.30144536, 4.63e-4, 0.463, 0.463, 463.0
791, 623.76666, 6.2376666, 0.62376666, 6.237667e-4, 623.76666, 6.2376666, 0.62376666, 6.237667e-4, 8.460767e-7, 9.198243e-4, 1.543591, -0.2960576, 4.23e-4, 0.42299998, 0.42299998, 423.0
781, 455.76672, 4.5576673, 0.4557667, 4.557667e-4, 455.76672, 4.5576673, 0.4557667, 4.557667e-4, 7.503247e-9, 8.662129e-5, 0.542388, 0.36914542, 4.41e-4, 0.441, 0.441, 441.0
771, 654.4, 6.544, 0.65440005, 6.5440004e-4, 654.4, 6.544, 0.65440005, 6.5440004e-4, 8.003907e-9, 8.946456e-5, 0.7438646, 0.5649355, 6.38e-4, 0.638, 0.638, 638.0
761, 674.1667, 6.7416673, 0.67416674, 6.741667e-4, 674.1667, 6.7416673, 0.67416674, 6.741667e-4, 4.1270994e-7, 6.4242503e-4, 1.3165917, 3.1741686e-2, 5.61e-4, 0.56100005, 0.56100005, 561.0
751, 559.76666, 5.5976667, 0.55976665, 5.5976666e-4, 559.76666, 5.5976667, 0.55976665, 5.5976666e-4, 6.2051786e-9, 7.877296e-5, 0.6385396, 0.48099372, 5.45e-4, 0.545, 0.545, 545.0
741, 493.56668, 4.935667, 0.4935667, 4.935667e-4, 493.56668, 4.935667, 0.4935667, 4.935667e-4, 3.6917127e-9, 6.0759467e-5, 0.5543262, 0.43280724, 4.86e-4, 0.486, 0.486, 486.0
731, 655.7001, 6.557001, 0.6557001, 6.557001e-4, 655.7001, 6.557001, 0.6557001, 6.557001e-4, 8.007742e-9, 8.948599e-5, 0.7451861, 0.5662141, 6.38e-4, 0.638, 0.638, 638.0
721, 552.76666, 5.5276666, 0.5527667, 5.5276667e-4, 552.76666, 5.5276666, 0.5527667, 5.5276667e-4, 7.374579e-9, 8.587537e-5, 0.6386421, 0.4668913, 5.33e-4, 0.533, 0.533, 533.0
711, 510.3, 5.1029997, 0.5103, 5.103e-4, 510.3, 5.1029997, 0.5103, 5.103e-4, 6.0286776e-9, 7.764456e-5, 0.5879445, 0.43265542, 4.89e-4, 0.489, 0.489, 489.0
701, 655.0666, 6.550666, 0.65506655, 6.550666e-4, 655.0666, 6.550666, 0.65506655, 6.550666e-4, 2.9782596e-8, 1.7257634e-4, 0.8276429, 0.48249024, 5.73e-4, 0.573, 0.573, 573.0
691, 512.7999, 5.1279993, 0.5127999, 5.1279995e-4, 512.7999, 5.1279993, 0.5127999, 5.1279995e-4, 2.654035e-7, 5.1517325e-4, 1.0279732, -2.373301e-3, 4.18e-4, 0.418, 0.418, 418.0
681, 507.2, 5.072, 0.5072, 5.072e-4, 507.2, 5.072, 0.5072, 5.072e-4, 1.3187958e-8, 1.1483883e-4, 0.62203884, 0.3923612, 4.9e-4, 0.49, 0.49, 490.0
671, 762.3, 7.6229997, 0.76229995, 7.623e-4, 762.3, 7.6229997, 0.76229995, 7.623e-4, 2.6299932e-7, 5.128346e-4, 1.2751346, 0.2494654, 6.44e-4, 0.644, 0.644, 644.0
661, 496.2667, 4.962667, 0.4962667, 4.962667e-4, 496.2667, 4.962667, 0.4962667, 4.962667e-4, 1.0009596e-8, 1.0004797e-4, 0.59631467, 0.39621875, 4.86e-4, 0.486, 0.486, 486.0
651, 583.39996, 5.8339996, 0.58339995, 5.8339996e-4, 583.39996, 5.8339996, 0.58339995, 5.8339996e-4, 4.269354e-7, 6.5340294e-4, 1.2368029, -7.000298e-2, 4.59e-4, 0.459, 0.459, 459.0
641, 502.30005, 5.0230002, 0.5023, 5.0230004e-4, 502.30005, 5.0230002, 0.5023, 5.0230004e-4, 2.2926172e-7, 4.788128e-4, 0.98111284, 2.3487227e-2, 4.15e-4, 0.415, 0.415, 415.0
631, 577.13336, 5.7713337, 0.57713336, 5.771334e-4, 577.13336, 5.7713337, 0.57713336, 5.771334e-4, 7.0511152e-9, 8.397092e-5, 0.66110426, 0.49316248, 5.72e-4, 0.57199997, 0.57199997, 572.0
621, 478.90002, 4.7890005, 0.47890005, 4.7890004e-4, 478.90002, 4.7890005, 0.47890005, 4.7890004e-4, 2.2933446e-7, 4.7888877e-4, 0.95778877, 1.1263182e-5, 3.67e-4, 0.367, 0.367, 367.0
611, 671.1001, 6.711001, 0.6711001, 6.711001e-4, 671.1001, 6.711001, 0.6711001, 6.711001e-4, 2.7043538e-7, 5.20034e-4, 1.1911341, 0.15106611, 5.74e-4, 0.574, 0.574, 574.0
601, 574.5667, 5.745667, 0.5745667, 5.745667e-4, 574.5667, 5.745667, 0.5745667, 5.745667e-4, 1.9936698e-7, 4.465053e-4, 1.021072, 0.12806143, 4.86e-4, 0.486, 0.486, 486.0
591, 263.03336, 2.6303334, 0.26303336, 2.6303335e-4, 263.03336, 2.6303334, 0.26303336, 2.6303335e-4, 3.3570515e-7, 5.794007e-4, 0.842434, -0.31636733, 1.36e-4, 0.136, 0.136, 136.0
581, 148.9, 1.489, 0.1489, 1.489e-4, 148.9, 1.489, 0.1489, 1.489e-4, 7.76909e-9, 8.814244e-5, 0.23704243, 6.0757555e-2, 1.17e-4, 0.117000006, 0.117000006, 117.0
571, 137.7, 1.377, 0.1377, 1.377e-4, 137.7, 1.377, 0.1377, 1.377e-4, 1.6579742e-8, 1.2876235e-4, 0.26646233, 8.937655e-3, 1.01e-4, 0.100999996, 0.100999996, 101.0
561, 133.03333, 1.3303334, 0.13303334, 1.3303333e-4, 133.03333, 1.3303334, 0.13303334, 1.3303333e-4, 8.238499e-9, 9.0766174e-5, 0.22379951, 4.226716e-2, 1.03e-4, 0.103, 0.103, 103.0
551, 215.49998, 2.1549997, 0.21549998, 2.1549998e-4, 215.49998, 2.1549997, 0.21549998, 2.1549998e-4, 1.6472516e-8, 1.283453e-4, 0.34384528, 8.715468e-2, 1.77e-4, 0.177, 0.177, 177.0
541, 173.13333, 1.7313334, 0.17313333, 1.7313333e-4, 173.13333, 1.7313334, 0.17313333, 1.7313333e-4, 2.2049582e-8, 1.4849102e-4, 0.32162434, 2.4642315e-2, 1.34e-4, 0.134, 0.134, 134.0
531, 162.6, 1.626, 0.1626, 1.626e-4, 162.6, 1.626, 0.1626, 1.626e-4, 2.1855772e-8, 1.4783698e-4, 0.310437, 1.476302e-2, 1.21e-4, 0.121, 0.121, 121.0
521, 144.9, 1.449, 0.1449, 1.449e-4, 144.9, 1.449, 0.1449, 1.449e-4, 2.2195625e-8, 1.4898196e-4, 0.29388195, -4.081958e-3, 1.09e-4, 0.109, 0.109, 109.0
511, 128.23332, 1.2823333, 0.12823333, 1.2823333e-4, 128.23332, 1.2823333, 0.12823333, 1.2823333e-4, 9.855511e-9, 9.927493e-5, 0.22750825, 2.8958399e-2, 9.7e-5, 9.6999995e-2, 9.6999995e-2, 97.0
501, 246.30002, 2.463, 0.24630001, 2.463e-4, 246.30002, 2.463, 0.24630001, 2.463e-4, 2.8842956e-7, 5.3705636e-4, 0.78335637, -0.29075634, 1.33e-4, 0.133, 0.133, 133.0
491, 221.06665, 2.2106667, 0.22106665, 2.2106666e-4, 221.06665, 2.2106667, 0.22106665, 2.2106666e-4, 1.807053e-8, 1.3442668e-4, 0.35549334, 8.663998e-2, 1.8e-4, 0.18, 0.18, 180.0
481, 152.6, 1.5260001, 0.1526, 1.5260001e-4, 152.6, 1.5260001, 0.1526, 1.5260001e-4, 1.1715307e-8, 1.0823727e-4, 0.2608373, 4.4362742e-2, 1.08e-4, 0.108, 0.108, 108.0
471, 153.59999, 1.5359999, 0.15359999, 1.5359999e-4, 153.59999, 1.5359999, 0.15359999, 1.5359999e-4, 1.0722839e-8, 1.0355114e-4, 0.25715116, 5.0048854e-2, 1.18e-4, 0.118, 0.118, 118.0
461, 79.10001, 0.7910001, 7.910001e-2, 7.910001e-5, 79.10001, 0.7910001, 7.910001e-2, 7.910001e-5, 2.7012235e-9, 5.1973297e-5, 0.13107331, 2.7126716e-2, 6.4e-5, 6.4e-2, 6.4e-2, 64.0
451, 150.2, 1.502, 0.1502, 1.502e-4, 150.2, 1.502, 0.1502, 1.502e-4, 9.82596e-9, 9.912598e-5, 0.24932596, 5.1074013e-2, 1.23e-4, 0.123, 0.123, 123.00001
441, 155.83333, 1.5583333, 0.15583333, 1.5583333e-4, 155.83333, 1.5583333, 0.15583333, 1.5583333e-4, 1.5164606e-8, 1.2314465e-4, 0.27897796, 3.268868e-2, 1.2e-4, 0.12, 0.12, 120.0
431, 100.233315, 1.0023332, 0.10023332, 1.00233316e-4, 100.233315, 1.0023332, 0.10023332, 1.00233316e-4, 3.6535786e-9, 6.044484e-5, 0.16067816, 3.9788477e-2, 8.0e-5, 8.0e-2, 8.0e-2, 80.0
421, 123.33333, 1.2333333, 0.123333335, 1.2333333e-4, 123.33333, 1.2333333, 0.123333335, 1.2333333e-4, 6.916688e-9, 8.3166626e-5, 0.20649996, 4.0166706e-2, 9.7e-5, 9.6999995e-2, 9.6999995e-2, 97.0
411, 190.33336, 1.9033337, 0.19033337, 1.9033336e-4, 190.33336, 1.9033337, 0.19033337, 1.9033336e-4, 1.0820155e-8, 1.0401998e-4, 0.29435334, 8.631338e-2, 1.58e-4, 0.15799999, 0.15799999, 158.0
401, 114.63332, 1.1463332, 0.11463332, 1.1463332e-4, 114.63332, 1.1463332, 0.11463332, 1.1463332e-4, 1.0706833e-8, 1.0347382e-4, 0.21810715, 1.11595e-2, 8.7e-5, 8.7e-2, 8.7e-2, 87.0
391, 170.36667, 1.7036667, 0.17036666, 1.7036666e-4, 170.36667, 1.7036667, 0.17036666, 1.7036666e-4, 1.3666256e-7, 3.69679e-4, 0.5400457, -0.19931234, 8.3e-5, 8.3e-2, 8.3e-2, 83.0
381, 150.96667, 1.5096668, 0.15096667, 1.5096668e-4, 150.96667, 1.5096668, 0.15096667, 1.5096668e-4, 3.4551655e-9, 5.8780657e-5, 0.20974733, 9.218602e-2, 1.37e-4, 0.137, 0.137, 137.0
371, 90.26667, 0.90266675, 9.0266675e-2, 9.026667e-5, 90.26667, 0.90266675, 9.0266675e-2, 9.026667e-5, 8.068396e-9, 8.982425e-5, 0.18009092, 4.4242188e-4, 7.0e-5, 7.0e-2, 7.0e-2, 70.0
361, 116.70002, 1.1670002, 0.11670002, 1.1670002e-4, 116.70002, 1.1670002, 0.11670002, 1.1670002e-4, 7.707676e-9, 8.779337e-5, 0.20449339, 2.8906653e-2, 9.8e-5, 9.8e-2, 9.8e-2, 98.0
351, 168.79999, 1.6879998, 0.1688, 1.6879999e-4, 168.79999, 1.6879998, 0.1688, 1.6879999e-4, 7.599555e-8, 2.756729e-4, 0.44447288, -0.106872916, 9.6e-5, 9.6e-2, 9.6e-2, 96.0
341, 122.73333, 1.2273333, 0.122733325, 1.2273333e-4, 122.73333, 1.2273333, 0.122733325, 1.2273333e-4, 9.45393e-9, 9.723132e-5, 0.21996465, 2.5502006e-2, 9.7e-5, 9.6999995e-2, 9.6999995e-2, 97.0
331, 118.23335, 1.1823335, 0.11823335, 1.1823335e-4, 118.23335, 1.1823335, 0.11823335, 1.1823335e-4, 3.573312e-9, 5.9777187e-5, 0.17801054, 5.8456164e-2, 9.9e-5, 9.9e-2, 9.9e-2, 99.0
321, 112.36666, 1.1236666, 0.11236666, 1.1236666e-4, 112.36666, 1.1236666, 0.11236666, 1.1236666e-4, 2.7418987e-9, 5.2363142e-5, 0.1647298, 6.0003515e-2, 9.3e-5, 9.3e-2, 9.3e-2, 93.0
311, 117.56668, 1.1756668, 0.11756668, 1.17566684e-4, 117.56668, 1.1756668, 0.11756668, 1.17566684e-4, 3.7793786e-9, 6.1476654e-5, 0.17904334, 5.609003e-2, 1.01e-4, 0.100999996, 0.100999996, 101.0
301, 147.23329, 1.472333, 0.14723329, 1.472333e-4, 147.23329, 1.472333, 0.14723329, 1.472333e-4, 5.889599e-8, 2.4268495e-4, 0.38991824, -9.545166e-2, 8.3e-5, 8.3e-2, 8.3e-2, 83.0
