n,each1e6,each1e4,each1e3, each,mean1e6,mean1e4,mean1e3, mean, variance, stdDev, median,median1e3
11,231.90001,2.319,0.2319,2.319E-04,231.90001,2.319,0.2319,2.319E-04,4.6368234E-09,6.8094225E-05,2.06E-04,0.206
21,611.0334,6.110334,0.6110334,6.110334E-04,611.0334,6.110334,0.6110334,6.110334E-04,1.0636631E-08,1.0313404E-04,5.74E-04,0.574
31,1201.4666,12.014666,1.2014666,1.2014665E-03,1201.4666,12.014666,1.2014666,1.2014665E-03,1.3171981E-08,1.1476925E-04,1.168E-03,1.1680001
41,1776.1002,17.761002,1.7761003,1.7761003E-03,1776.1002,17.761002,1.7761003,1.7761003E-03,3.250682E-08,1.8029647E-04,1.726E-03,1.726
51,2665.3665,26.653666,2.6653664,2.6653665E-03,2665.3665,26.653666,2.6653664,2.6653665E-03,7.7868325E-09,8.824303E-05,2.647E-03,2.6469998
61,3576.0671,35.76067,3.576067,3.576067E-03,3576.0671,35.76067,3.576067,3.576067E-03,1.2627632E-07,3.5535378E-04,3.5E-03,3.5
71,4489.866,44.898663,4.4898663,4.489866E-03,4489.866,44.898663,4.4898663,4.489866E-03,2.4263251E-08,1.5576665E-04,4.468E-03,4.468
81,5660.4663,56.604664,5.660466,5.6604664E-03,5660.4663,56.604664,5.660466,5.6604664E-03,5.4653306E-08,2.3378046E-04,5.618E-03,5.618
91,7581.9,75.819,7.5818996,7.5819E-03,7581.9,75.819,7.5818996,7.5819E-03,9.373308E-08,3.061586E-04,7.544E-03,7.544
101,8923.4,89.234,8.9234,8.9234E-03,8923.4,89.234,8.9234,8.9234E-03,1.2012943E-07,3.4659693E-04,8.827E-03,8.827
111,10683.166,106.83166,10.683166,1.0683166E-02,10683.166,106.83166,10.683166,1.0683166E-02,1.4578333E-07,3.8181583E-04,1.0671E-02,10.671
121,12903.665,129.03665,12.903666,1.2903665E-02,12903.665,129.03665,12.903666,1.2903665E-02,1.6039439E-07,4.004927E-04,1.2879E-02,12.879
131,15071.964,150.71964,15.071964,1.5071964E-02,15071.964,150.71964,15.071964,1.5071964E-02,8.2750154E-07,9.0967113E-04,1.4832E-02,14.832
141,17958.068,179.58069,17.958069,1.795807E-02,17958.068,179.58069,17.958069,1.795807E-02,2.2464866E-07,4.7397116E-04,1.7822E-02,17.821999
151,19330.436,193.30437,19.330437,1.9330436E-02,19330.436,193.30437,19.330437,1.9330436E-02,6.4660725E-07,8.041189E-04,1.9256E-02,19.255999
161,22744.996,227.44997,22.744997,2.2744996E-02,22744.996,227.44997,22.744997,2.2744996E-02,4.9221825E-07,7.015827E-04,2.2617E-02,22.616999
171,24062.8,240.628,24.062801,2.4062801E-02,24062.8,240.628,24.062801,2.4062801E-02,3.501073E-07,5.916987E-04,2.3905E-02,23.904999
181,27293.963,272.93964,27.293962,2.7293963E-02,27293.963,272.93964,27.293962,2.7293963E-02,8.3752553E-07,9.151642E-04,2.7137E-02,27.137001
191,30871.195,308.71194,30.871195,3.0871196E-02,30871.195,308.71194,30.871195,3.0871196E-02,1.2959084E-06,1.1383797E-03,3.0872E-02,30.872
201,36487.297,364.87296,36.487297,3.6487296E-02,36487.297,364.87296,36.487297,3.6487296E-02,1.0495975E-06,1.0244986E-03,3.6398E-02,36.398003
211,37445.504,374.45505,37.445503,3.7445504E-02,37445.504,374.45505,37.445503,3.7445504E-02,3.32504E-06,1.8234693E-03,3.7088E-02,37.087997
221,42786.566,427.86566,42.786564,4.2786565E-02,42786.566,427.86566,42.786564,4.2786565E-02,2.163865E-06,1.4710082E-03,4.2308E-02,42.308
231,46488.164,464.88165,46.488167,4.6488166E-02,46488.164,464.88165,46.488167,4.6488166E-02,1.3423412E-06,1.1585945E-03,4.6188E-02,46.188
241,52975.43,529.75433,52.97543,5.297543E-02,52975.43,529.75433,52.97543,5.297543E-02,3.1206525E-06,1.7665369E-03,5.2622E-02,52.622
251,54952.23,549.5223,54.95223,5.495223E-02,54952.23,549.5223,54.95223,5.495223E-02,2.4747008E-06,1.5731181E-03,5.4595E-02,54.595
261,57512.29,575.1229,57.51229,5.751229E-02,57512.29,575.1229,57.51229,5.751229E-02,1.9831546E-06,1.4082452E-03,5.7306E-02,57.306
271,64557.574,645.57574,64.55757,6.4557575E-02,64557.574,645.57574,64.55757,6.4557575E-02,2.1503724E-06,1.4664148E-03,6.4187E-02,64.187
281,70754.54,707.54535,70.75453,7.0754535E-02,70754.54,707.54535,70.75453,7.0754535E-02,5.54292E-06,2.3543406E-03,7.04E-02,70.4
291,72968.34,729.6834,72.96834,7.296834E-02,72968.34,729.6834,72.96834,7.296834E-02,3.3554093E-06,1.8317776E-03,7.2944E-02,72.944
301,76828.734,768.28735,76.828735,7.682873E-02,76828.734,768.28735,76.828735,7.682873E-02,3.6570245E-06,1.9123348E-03,7.6566E-02,76.566
311,84651.4,846.514,84.6514,8.4651396E-02,84651.4,846.514,84.6514,8.4651396E-02,2.693187E-06,1.6410933E-03,8.4722E-02,84.722
321,91576.49,915.76495,91.57649,9.1576494E-02,91576.49,915.76495,91.57649,9.1576494E-02,6.963014E-06,2.6387523E-03,9.161E-02,91.61
331,94949.4,949.494,94.9494,9.49494E-02,94949.4,949.494,94.9494,9.49494E-02,2.453445E-06,1.5663477E-03,9.4575E-02,94.575005
341,101509.18,1015.09174,101.50918,0.101509176,101509.18,1015.09174,101.50918,0.101509176,3.1573788E-06,1.7769014E-03,0.101511,101.511
351,106608.875,1066.0887,106.60887,0.106608875,106608.875,1066.0887,106.60887,0.106608875,4.1990556E-06,2.0491597E-03,0.1067,106.700005
361,113504.25,1135.0425,113.50425,0.11350425,113504.25,1135.0425,113.50425,0.11350425,5.22241E-06,2.2852593E-03,0.113678,113.678
371,120345.96,1203.4596,120.345955,0.12034596,120345.96,1203.4596,120.345955,0.12034596,6.495097E-06,2.548548E-03,0.119639,119.639
381,124413.21,1244.1321,124.41321,0.12441321,124413.21,1244.1321,124.41321,0.12441321,2.8726984E-06,1.6949036E-03,0.124412,124.412
391,131293.33,1312.9332,131.29332,0.13129333,131293.33,1312.9332,131.29332,0.13129333,3.513304E-06,1.874381E-03,0.131377,131.377
401,139814.34,1398.1434,139.81435,0.13981435,139814.34,1398.1434,139.81435,0.13981435,3.895036E-06,1.9735845E-03,0.139862,139.862
411,147234.38,1472.3438,147.23438,0.14723438,147234.38,1472.3438,147.23438,0.14723438,9.401042E-06,3.0661118E-03,0.146215,146.21501
421,153696.69,1536.9669,153.69669,0.15369669,153696.69,1536.9669,153.69669,0.15369669,4.3234613E-06,2.0792934E-03,0.153723,153.723
431,166018.06,1660.1807,166.01807,0.16601807,166018.06,1660.1807,166.01807,0.16601807,1.3180162E-05,3.6304493E-03,0.166231,166.231
441,167816.61,1678.1661,167.8166,0.16781661,167816.61,1678.1661,167.8166,0.16781661,3.2526907E-06,1.8035218E-03,0.167529,167.529
451,182557.16,1825.5715,182.55714,0.18255715,182557.16,1825.5715,182.55714,0.18255715,7.65448E-06,2.7666732E-03,0.181832,181.832
461,195584.98,1955.8499,195.58498,0.19558498,195584.98,1955.8499,195.58498,0.19558498,7.715512E-06,2.777681E-03,0.19475,194.75
471,197941.55,1979.4154,197.94154,0.19794154,197941.55,1979.4154,197.94154,0.19794154,1.16631E-05,3.4151282E-03,0.197677,197.677
481,212512.33,2125.1233,212.51233,0.21251233,212512.33,2125.1233,212.51233,0.21251233,4.4778394E-04,2.1160906E-02,0.20727,207.26999
491,213002.3,2130.023,213.00229,0.2130023,213002.3,2130.023,213.00229,0.2130023,1.3712012E-05,3.7029735E-03,0.212128,212.128
501,219063.13,2190.631,219.06313,0.21906312,219063.13,2190.631,219.06313,0.21906312,5.815592E-06,2.4115539E-03,0.219254,219.254
511,231796.97,2317.9697,231.79697,0.23179697,231796.97,2317.9697,231.79697,0.23179697,1.4072488E-05,3.7513315E-03,0.230657,230.657
521,239783.48,2397.8347,239.78348,0.23978348,239783.48,2397.8347,239.78348,0.23978348,4.330581E-05,6.580715E-03,0.239633,239.633
531,259265.25,2592.6523,259.26526,0.25926524,259265.25,2592.6523,259.26526,0.25926524,1.5528592E-04,1.2461377E-02,0.257169,257.169
541,251614.13,2516.1414,251.61412,0.25161412,251614.13,2516.1414,251.61412,0.25161412,1.7581944E-05,4.193083E-03,0.252137,252.13701
551,269509.53,2695.0952,269.50952,0.26950952,269509.53,2695.0952,269.50952,0.26950952,2.5848538E-05,5.084146E-03,0.268321,268.321
561,284818.03,2848.1802,284.81802,0.28481802,284818.03,2848.1802,284.81802,0.28481802,1.7952576E-05,4.237048E-03,0.284766,284.766
571,285141.06,2851.4104,285.14105,0.28514105,285141.06,2851.4104,285.14105,0.28514105,1.9705938E-05,4.439137E-03,0.283723,283.723
581,301395.38,3013.9539,301.3954,0.3013954,301395.38,3013.9539,301.3954,0.3013954,4.9831415E-06,2.2322952E-03,0.301422,301.422
591,313304.34,3133.0435,313.30432,0.31330433,313304.34,3133.0435,313.30432,0.31330433,1.3458988E-05,3.6686494E-03,0.312738,312.738
601,324055.34,3240.5535,324.05536,0.32405534,324055.34,3240.5535,324.05536,0.32405534,1.2810542E-05,3.5791819E-03,0.32391,323.91
611,334449.13,3344.4912,334.44913,0.3344491,334449.13,3344.4912,334.44913,0.3344491,3.1520605E-05,5.614321E-03,0.333499,333.49902
621,342834.8,3428.348,342.8348,0.3428348,342834.8,3428.348,342.8348,0.3428348,1.0161131E-05,3.187653E-03,0.342996,342.996
631,365530.88,3655.3088,365.53088,0.36553088,365530.88,3655.3088,365.53088,0.36553088,1.77305E-05,4.21076E-03,0.365133,365.133
641,373942.06,3739.4204,373.94205,0.37394205,373942.06,3739.4204,373.94205,0.37394205,1.5986292E-05,3.998286E-03,0.373397,373.397
651,376260.22,3762.6023,376.26022,0.37626022,376260.22,3762.6023,376.26022,0.37626022,1.7061977E-05,4.1306145E-03,0.376099,376.099
661,385001.88,3850.0188,385.00186,0.38500187,385001.88,3850.0188,385.00186,0.38500187,1.2613052E-05,3.551486E-03,0.385188,385.18802
671,403630.88,4036.3088,403.6309,0.40363088,403630.88,4036.3088,403.6309,0.40363088,1.6967893E-05,4.1192104E-03,0.403164,403.164
681,431157.88,4311.579,431.1579,0.4311579,431157.88,4311.579,431.1579,0.4311579,3.8148384E-05,6.1764377E-03,0.429809,429.809
691,426379.75,4263.7974,426.37973,0.42637974,426379.75,4263.7974,426.37973,0.42637974,1.5466958E-05,3.9328053E-03,0.425882,425.88202
701,446638.5,4466.385,446.6385,0.4466385,446638.5,4466.385,446.6385,0.4466385,2.3135724E-05,4.809961E-03,0.445807,445.807
711,443115.25,4431.1523,443.11523,0.44311523,443115.25,4431.1523,443.11523,0.44311523,2.493384E-05,4.9933796E-03,0.443039,443.039
721,459537.53,4595.3755,459.53754,0.45953754,459537.53,4595.3755,459.53754,0.45953754,1.69446E-05,4.116382E-03,0.459078,459.078
731,483149.38,4831.4937,483.14938,0.48314938,483149.38,4831.4937,483.14938,0.48314938,2.3664774E-05,4.864645E-03,0.4818,481.8
741,483533.44,4835.3345,483.53345,0.48353344,483533.44,4835.3345,483.53345,0.48353344,1.7763738E-05,4.214705E-03,0.483466,483.466
751,511774.6,5117.746,511.7746,0.5117746,511774.6,5117.746,511.7746,0.5117746,2.6552692E-05,5.1529305E-03,0.511425,511.42502
761,547615.44,5476.1543,547.6154,0.5476154,547615.44,5476.1543,547.6154,0.5476154,1.8740144E-05,4.328989E-03,0.546927,546.927
771,549329.1,5493.291,549.3291,0.5493291,549329.1,5493.291,549.3291,0.5493291,2.2202576E-05,4.711961E-03,0.548978,548.97797
781,573172.9,5731.7285,573.17285,0.57317287,573172.9,5731.7285,573.17285,0.57317287,4.011433E-05,6.333587E-03,0.572057,572.057
791,576048.7,5760.487,576.04865,0.5760487,576048.7,5760.487,576.04865,0.5760487,3.144691E-05,5.6077545E-03,0.576698,576.698
801,586667.25,5866.6724,586.66724,0.58666724,586667.25,5866.6724,586.66724,0.58666724,2.5813635E-05,5.080712E-03,0.587399,587.399
811,609756.4,6097.5635,609.75635,0.60975635,609756.4,6097.5635,609.75635,0.60975635,2.9030274E-05,5.387975E-03,0.60903,609.03
821,615748.3,6157.483,615.7483,0.6157483,615748.3,6157.483,615.7483,0.6157483,2.6275784E-05,5.125991E-03,0.614867,614.86694
831,632432.3,6324.3228,632.4323,0.6324323,632432.3,6324.3228,632.4323,0.6324323,2.5761485E-05,5.075577E-03,0.632116,632.116
841,676754.1,6767.541,676.7541,0.6767541,676754.1,6767.541,676.7541,0.6767541,4.0988623E-05,6.402236E-03,0.676046,676.046
851,670716.7,6707.167,670.7167,0.6707167,670716.7,6707.167,670.7167,0.6707167,2.5724225E-05,5.0719054E-03,0.670296,670.296
861,682286.8,6822.868,682.2868,0.6822868,682286.8,6822.868,682.2868,0.6822868,3.0023377E-05,5.479359E-03,0.682444,682.444
871,690248.4,6902.484,690.24835,0.69024837,690248.4,6902.484,690.24835,0.69024837,3.4668257E-05,5.8879755E-03,0.689677,689.677
881,717576.44,7175.7646,717.5764,0.71757644,717576.44,7175.7646,717.5764,0.71757644,8.5277265E-05,9.234569E-03,0.715912,715.912
891,743249.9,7432.499,743.2499,0.7432499,743249.9,7432.499,743.2499,0.7432499,1.8331004E-04,1.3539203E-02,0.738804,738.80396
901,763381.7,7633.8164,763.38165,0.76338166,763381.7,7633.8164,763.38165,0.76338166,5.67576E-05,7.533764E-03,0.762535,762.535
911,793059.9,7930.5986,793.0599,0.7930599,793059.9,7930.5986,793.0599,0.7930599,1.1634179E-04,1.0786185E-02,0.78959,789.59
921,819138.44,8191.385,819.1385,0.81913847,819138.44,8191.385,819.1385,0.81913847,1.0805791E-04,1.0395091E-02,0.816521,816.521
931,816611.0,8166.11,816.61096,0.816611,816611.0,8166.11,816.61096,0.816611,4.3673757E-05,6.6086124E-03,0.81669,816.69
941,831059.6,8310.597,831.05963,0.83105963,831059.6,8310.597,831.05963,0.83105963,3.873986E-05,6.2241354E-03,0.829814,829.814
951,868771.5,8687.715,868.7715,0.8687715,868771.5,8687.715,868.7715,0.8687715,3.1191026E-05,5.584893E-03,0.868954,868.954
961,873043.25,8730.433,873.0432,0.87304324,873043.25,8730.433,873.0432,0.87304324,6.0326263E-05,7.7669984E-03,0.872928,872.92804
971,887717.7,8877.177,887.71765,0.88771766,887717.7,8877.177,887.71765,0.88771766,3.0639734E-05,5.535317E-03,0.886854,886.854
981,887219.2,8872.192,887.2192,0.8872192,887219.2,8872.192,887.2192,0.8872192,6.928548E-05,8.3237905E-03,0.885567,885.567
991,947753.8,9477.538,947.7538,0.9477538,947753.8,9477.538,947.7538,0.9477538,5.1651736E-05,7.1869143E-03,0.947428,947.428
1001,956824.9,9568.249,956.8249,0.9568249,956824.9,9568.249,956.8249,0.9568249,2.6095924E-05,5.108417E-03,0.956677,956.677
1011,991194.56,9911.945,991.1945,0.99119455,991194.56,9911.945,991.1945,0.99119455,1.869048E-05,4.3232488E-03,0.99094,990.94
1021,1018055.2,10180.552,1018.0552,1.0180552,1018055.2,10180.552,1018.0552,1.0180552,5.9559377E-04,2.440479E-02,1.013206,1013.206
1031,1018583.2,10185.832,1018.5832,1.0185832,1018583.2,10185.832,1018.5832,1.0185832,4.3536853E-05,6.5982463E-03,1.017809,1017.809
1041,1058920.0,10589.2,1058.92,1.05892,1058920.0,10589.2,1058.92,1.05892,2.4218469E-05,4.9212263E-03,1.059481,1059.4811
1051,1052263.3,10522.633,1052.2633,1.0522633,1052263.3,10522.633,1052.2633,1.0522633,2.2171509E-05,4.708663E-03,1.052636,1052.636
1061,1104921.8,11049.217,1104.9218,1.1049217,1104921.8,11049.217,1104.9218,1.1049217,3.0974716E-05,5.5654934E-03,1.105063,1105.063
1071,1085800.5,10858.005,1085.8005,1.0858005,1085800.5,10858.005,1085.8005,1.0858005,3.6949197E-05,6.078585E-03,1.085776,1085.776
1081,1130189.3,11301.893,1130.1893,1.1301893,1130189.3,11301.893,1130.1893,1.1301893,1.0907103E-04,1.0443708E-02,1.127292,1127.292
1091,1186404.6,11864.046,1186.4045,1.1864046,1186404.6,11864.046,1186.4045,1.1864046,4.0233735E-05,6.3430066E-03,1.184906,1184.906
1101,1186360.3,11863.603,1186.3602,1.1863602,1186360.3,11863.603,1186.3602,1.1863602,4.0681407E-05,6.3781976E-03,1.186871,1186.8711
1111,1222799.3,12227.993,1222.7993,1.2227993,1222799.3,12227.993,1222.7993,1.2227993,6.245637E-05,7.902934E-03,1.221295,1221.295
1121,1243054.6,12430.546,1243.0547,1.2430546,1243054.6,12430.546,1243.0547,1.2430546,3.3801443E-05,5.813901E-03,1.243173,1243.173
1131,1288675.9,12886.759,1288.6759,1.2886759,1288675.9,12886.759,1288.6759,1.2886759,4.377277E-05,6.6160993E-03,1.290636,1290.636
1141,1294747.0,12947.47,1294.747,1.294747,1294747.0,12947.47,1294.747,1.294747,5.6070836E-05,7.4880463E-03,1.294217,1294.217
1151,1301652.5,13016.525,1301.6526,1.3016526,1301652.5,13016.525,1301.6526,1.3016526,3.391953E-05,5.8240476E-03,1.301501,1301.501
1161,1341600.4,13416.004,1341.6005,1.3416004,1341600.4,13416.004,1341.6005,1.3416004,6.898453E-05,8.305693E-03,1.341923,1341.923
1171,1385873.8,13858.738,1385.8738,1.3858738,1385873.8,13858.738,1385.8738,1.3858738,8.239779E-05,9.077323E-03,1.385997,1385.9971
1181,1380798.4,13807.983,1380.7983,1.3807983,1380798.4,13807.983,1380.7983,1.3807983,1.8247118E-04,1.35081895E-02,1.37752,1377.52
1191,1407267.1,14072.671,1407.2671,1.4072671,1407267.1,14072.671,1407.2671,1.4072671,1.1716941E-04,1.0824482E-02,1.404942,1404.942
1201,1411699.0,14116.99,1411.6991,1.411699,1411699.0,14116.99,1411.6991,1.411699,2.0411948E-05,4.5179585E-03,1.412011,1412.011
1211,1473599.1,14735.991,1473.5991,1.4735991,1473599.1,14735.991,1473.5991,1.4735991,5.46091E-05,7.389797E-03,1.471506,1471.506
1221,1479714.8,14797.147,1479.7147,1.4797148,1479714.8,14797.147,1479.7147,1.4797148,6.217664E-05,7.885217E-03,1.478183,1478.183
1231,1498025.9,14980.259,1498.0259,1.4980259,1498025.9,14980.259,1498.0259,1.4980259,5.162978E-05,7.1853865E-03,1.496864,1496.864
1241,1557435.4,15574.354,1557.4354,1.5574354,1557435.4,15574.354,1557.4354,1.5574354,5.8253157E-05,7.6323757E-03,1.55612,1556.12
1251,1576900.4,15769.004,1576.9004,1.5769004,1576900.4,15769.004,1576.9004,1.5769004,1.02061975E-04,1.0102573E-02,1.57543,1575.43
1261,1573567.6,15735.677,1573.5676,1.5735676,1573567.6,15735.677,1573.5676,1.5735676,2.0248583E-04,1.4229751E-02,1.569684,1569.6841
1271,1624487.8,16244.878,1624.4878,1.6244878,1624487.8,16244.878,1624.4878,1.6244878,4.6290082E-04,2.151513E-02,1.622231,1622.231
1281,1687149.8,16871.498,1687.1498,1.6871498,1687149.8,16871.498,1687.1498,1.6871498,7.667487E-05,8.756419E-03,1.685885,1685.885
1291,1689689.5,16896.895,1689.6896,1.6896895,1689689.5,16896.895,1689.6896,1.6896895,5.440308E-05,7.3758443E-03,1.688023,1688.023
1301,1693476.5,16934.766,1693.4766,1.6934766,1693476.5,16934.766,1693.4766,1.6934766,3.8196715E-05,6.1803493E-03,1.693075,1693.075
1311,1712363.8,17123.637,1712.3638,1.7123637,1712363.8,17123.637,1712.3638,1.7123637,1.228596E-04,1.1084205E-02,1.711726,1711.726
1321,1772590.5,17725.904,1772.5906,1.7725905,1772590.5,17725.904,1772.5906,1.7725905,8.4992185E-05,9.21912E-03,1.773799,1773.799
1331,1834322.0,18343.22,1834.322,1.834322,1834322.0,18343.22,1834.322,1.834322,5.119026E-05,7.154737E-03,1.833509,1833.5089
1341,1851057.5,18510.576,1851.0575,1.8510575,1851057.5,18510.576,1851.0575,1.8510575,9.51075E-05,9.752307E-03,1.848438,1848.438
1351,1866343.4,18663.434,1866.3434,1.8663434,1866343.4,18663.434,1866.3434,1.8663434,8.912489E-05,9.440598E-03,1.866442,1866.442
1361,1878711.4,18787.113,1878.7113,1.8787113,1878711.4,18787.113,1878.7113,1.8787113,4.4434797E-05,6.665943E-03,1.876775,1876.775
1371,1913379.1,19133.791,1913.379,1.9133791,1913379.1,19133.791,1913.379,1.9133791,5.6434208E-05,7.5122705E-03,1.912965,1912.9651
1381,1967729.8,19677.297,1967.7297,1.9677297,1967729.8,19677.297,1967.7297,1.9677297,9.9319004E-05,9.965892E-03,1.967786,1967.786
1391,1955373.1,19553.732,1955.3732,1.9553732,1955373.1,19553.732,1955.3732,1.9553732,1.3789642E-04,1.1742931E-02,1.954489,1954.489
1401,1989765.4,19897.654,1989.7654,1.9897654,1989765.4,19897.654,1989.7654,1.9897654,5.2010102E-05,7.211803E-03,1.990643,1990.6431
1411,2050199.3,20501.992,2050.1992,2.0501993,2050199.3,20501.992,2050.1992,2.0501993,2.7182995E-04,1.6487267E-02,2.045382,2045.3821
1421,2006258.5,20062.584,2006.2585,2.0062585,2006258.5,20062.584,2006.2585,2.0062585,9.983373E-05,9.991683E-03,2.004999,2004.9989
1431,2062782.0,20627.82,2062.782,2.062782,2062782.0,20627.82,2062.782,2.062782,4.2882093E-05,6.548442E-03,2.062954,2062.9539
1441,2148960.3,21489.604,2148.9604,2.1489604,2148960.3,21489.604,2148.9604,2.1489604,1.0355801E-04,1.0176346E-02,2.149447,2149.447
1451,2178277.5,21782.775,2178.2776,2.1782775,2178277.5,21782.775,2178.2776,2.1782775,9.3724846E-04,3.0614514E-02,2.173764,2173.764
1461,2221824.0,22218.24,2221.824,2.221824,2221824.0,22218.24,2221.824,2.221824,1.4236868E-04,1.1931835E-02,2.220703,2220.703
1471,2259281.8,22592.818,2259.282,2.2592819,2259281.8,22592.818,2259.282,2.2592819,9.127247E-05,9.5536625E-03,2.261064,2261.064
1481,2241881.8,22418.818,2241.8818,2.2418818,2241881.8,22418.818,2241.8818,2.2418818,2.639351E-04,1.624608E-02,2.237786,2237.7861
1491,2325175.8,23251.758,2325.1758,2.3251758,2325175.8,23251.758,2325.1758,2.3251758,8.083149E-05,8.990633E-03,2.325275,2325.275
1501,2301721.3,23017.213,2301.7214,2.3017213,2301721.3,23017.213,2301.7214,2.3017213,9.39846E-05,9.694565E-03,2.303487,2303.487
1511,2412865.5,24128.654,2412.8655,2.4128654,2412865.5,24128.654,2412.8655,2.4128654,1.11512694E-04,1.05599575E-02,2.41022,2410.22
1521,2391997.0,23919.97,2391.997,2.391997,2391997.0,23919.97,2391.997,2.391997,3.595482E-04,1.8961756E-02,2.389156,2389.156
1531,2474831.5,24748.316,2474.8315,2.4748316,2474831.5,24748.316,2474.8315,2.4748316,7.436842E-05,8.623713E-03,2.475325,2475.3252
1541,2474396.3,24743.963,2474.3962,2.4743962,2474396.3,24743.963,2474.3962,2.4743962,9.562119E-05,9.778609E-03,2.47398,2473.98
1551,2479438.0,24794.38,2479.438,2.479438,2479438.0,24794.38,2479.438,2.479438,1.0150391E-04,1.0074914E-02,2.477877,2477.877
1561,2558793.5,25587.936,2558.7935,2.5587935,2558793.5,25587.936,2558.7935,2.5587935,3.2577172E-04,1.8049147E-02,2.556656,2556.6558
1571,2608521.3,26085.213,2608.5212,2.6085212,2608521.3,26085.213,2608.5212,2.6085212,1.7397924E-04,1.3190119E-02,2.604141,2604.141
1581,2600913.8,26009.137,2600.9138,2.6009138,2600913.8,26009.137,2600.9138,2.6009138,2.0862627E-04,1.44439E-02,2.5968,2596.8
1591,2605923.3,26059.232,2605.923,2.6059232,2605923.3,26059.232,2605.923,2.6059232,2.2193092E-04,1.48973465E-02,2.601748,2601.748
1601,2753082.3,27530.822,2753.0823,2.7530823,2753082.3,27530.822,2753.0823,2.7530823,9.1568916E-05,9.569165E-03,2.751754,2751.7542
1611,2674267.0,26742.67,2674.267,2.674267,2674267.0,26742.67,2674.267,2.674267,1.2876147E-04,1.1347312E-02,2.673425,2673.425
1621,2785639.8,27856.398,2785.6396,2.7856398,2785639.8,27856.398,2785.6396,2.7856398,2.9280584E-03,5.4111537E-02,2.760431,2760.4312
1631,2809414.3,28094.14,2809.414,2.8094141,2809414.3,28094.14,2809.414,2.8094141,5.749729E-04,2.3978593E-02,2.804573,2804.573
1641,2810451.8,28104.518,2810.4517,2.8104517,2810451.8,28104.518,2810.4517,2.8104517,4.850224E-05,6.964355E-03,2.811122,2811.1218
1651,2917664.5,29176.645,2917.6646,2.9176645,2917664.5,29176.645,2917.6646,2.9176645,5.4824515E-05,7.4043577E-03,2.917815,2917.815
1661,2886336.0,28863.361,2886.3362,2.886336,2886336.0,28863.361,2886.3362,2.886336,2.9096223E-04,1.7057614E-02,2.880257,2880.2568
1671,2926873.0,29268.73,2926.873,2.926873,2926873.0,29268.73,2926.873,2.926873,5.074825E-04,2.2527372E-02,2.918623,2918.623
1681,2935223.5,29352.236,2935.2236,2.9352236,2935223.5,29352.236,2935.2236,2.9352236,6.3879765E-05,7.992482E-03,2.934324,2934.324
1691,2981341.3,29813.414,2981.3413,2.9813414,2981341.3,29813.414,2981.3413,2.9813414,9.76182E-05,9.880193E-03,2.980892,2980.8918
1701,3074677.0,30746.77,3074.677,3.074677,3074677.0,30746.77,3074.677,3.074677,5.771445E-04,2.4023833E-02,3.07203,3072.03
1711,3048028.0,30480.28,3048.028,3.048028,3048028.0,30480.28,3048.028,3.048028,9.6858545E-05,9.841674E-03,3.049615,3049.615
1721,3140621.8,31406.217,3140.6216,3.1406217,3140621.8,31406.217,3140.6216,3.1406217,1.1708344E-04,1.082051E-02,3.140744,3140.744
1731,3158948.5,31589.484,3158.9485,3.1589484,3158948.5,31589.484,3158.9485,3.1589484,2.0959639E-04,1.4477444E-02,3.157124,3157.124
1741,3157577.8,31575.777,3157.5776,3.1575778,3157577.8,31575.777,3157.5776,3.1575778,1.452184E-04,1.2050659E-02,3.155956,3155.956
1751,3250320.8,32503.207,3250.3206,3.2503207,3250320.8,32503.207,3250.3206,3.2503207,2.660482E-04,1.6310984E-02,3.247453,3247.453
1761,3307712.5,33077.125,3307.7126,3.3077126,3307712.5,33077.125,3307.7126,3.3077126,1.2911858E-04,1.1363035E-02,3.310406,3310.406
1771,3324920.5,33249.203,3324.9204,3.3249204,3324920.5,33249.203,3324.9204,3.3249204,8.969773E-05,9.470888E-03,3.323193,3323.193
1781,3363313.0,33633.13,3363.313,3.363313,3363313.0,33633.13,3363.313,3.363313,3.9554838E-04,1.9888397E-02,3.358953,3358.953
1791,3346716.8,33467.168,3346.7166,3.3467166,3346716.8,33467.168,3346.7166,3.3467166,1.1320434E-04,1.0639753E-02,3.345773,3345.773
1801,3507859.3,35078.594,3507.8591,3.5078592,3507859.3,35078.594,3507.8591,3.5078592,8.9044793E-04,2.9840374E-02,3.501453,3501.453
1811,3579175.5,35791.754,3579.1755,3.5791755,3579175.5,35791.754,3579.1755,3.5791755,2.6154346E-04,1.6172305E-02,3.578137,3578.137
1821,3490532.0,34905.32,3490.532,3.490532,3490532.0,34905.32,3490.532,3.490532,1.4716765E-04,1.2131267E-02,3.487043,3487.043
1831,3574732.8,35747.33,3574.7327,3.5747328,3574732.8,35747.33,3574.7327,3.5747328,7.7405694E-04,2.7821878E-02,3.569674,3569.674
1841,3566851.0,35668.508,3566.8508,3.566851,3566851.0,35668.508,3566.8508,3.566851,3.604493E-04,1.8985502E-02,3.564138,3564.138
1851,3710920.0,37109.2,3710.9202,3.71092,3710920.0,37109.2,3710.9202,3.71092,5.882796E-04,2.4254477E-02,3.703681,3703.681
1861,3678204.0,36782.04,3678.204,3.678204,3678204.0,36782.04,3678.204,3.678204,1.5475899E-04,1.2440217E-02,3.676413,3676.413
1871,3724578.0,37245.777,3724.578,3.724578,3724578.0,37245.777,3724.578,3.724578,2.1258318E-04,1.4580233E-02,3.72107,3721.07
1881,3734479.5,37344.793,3734.4795,3.7344794,3734479.5,37344.793,3734.4795,3.7344794,1.6786024E-04,1.2956089E-02,3.731176,3731.1758
1891,3846369.5,38463.695,3846.3694,3.8463695,3846369.5,38463.695,3846.3694,3.8463695,6.8044156E-04,2.6085274E-02,3.847955,3847.955
1901,3849510.5,38495.105,3849.5105,3.8495104,3849510.5,38495.105,3849.5105,3.8495104,1.15233575E-04,1.073469E-02,3.850639,3850.6392
1911,3838249.0,38382.49,3838.249,3.838249,3838249.0,38382.49,3838.249,3.838249,7.564355E-05,8.69733E-03,3.840147,3840.147
1921,4000548.3,40005.484,4000.5483,4.0005484,4000548.3,40005.484,4000.5483,4.0005484,6.865408E-04,2.6201924E-02,3.996957,3996.957
1931,4011784.5,40117.844,4011.7847,4.0117846,4011784.5,40117.844,4011.7847,4.0117846,8.414413E-05,9.1730105E-03,4.010214,4010.2139
1941,3999380.8,39993.81,3999.3809,3.9993808,3999380.8,39993.81,3999.3809,3.9993808,2.2969094E-04,1.5155558E-02,3.995203,3995.2031
1951,4114030.0,41140.3,4114.03,4.11403,4114030.0,41140.3,4114.03,4.11403,1.2938924E-04,1.1374939E-02,4.112688,4112.688
1961,4070992.5,40709.926,4070.9924,4.0709925,4070992.5,40709.926,4070.9924,4.0709925,1.611408E-04,1.2694124E-02,4.070372,4070.372
1971,4190153.5,41901.535,4190.154,4.1901536,4190153.5,41901.535,4190.154,4.1901536,8.328351E-04,2.8858883E-02,4.181574,4181.5737
1981,4265208.0,42652.082,4265.208,4.2652082,4265208.0,42652.082,4265.208,4.2652082,1.6471576E-04,1.2834164E-02,4.263005,4263.005
1991,4285289.0,42852.887,4285.2886,4.285289,4285289.0,42852.887,4285.2886,4.285289,2.9594303E-04,1.7202994E-02,4.284646,4284.646
2001,4360019.0,43600.19,4360.019,4.360019,4360019.0,43600.19,4360.019,4.360019,3.7172525E-03,6.0969274E-02,4.3442,4344.2
2011,4377944.0,43779.44,4377.944,4.377944,4377944.0,43779.44,4377.944,4.377944,2.203056E-02,0.14842695,4.296707,4296.707
2021,4372293.5,43722.934,4372.2935,4.3722935,4372293.5,43722.934,4372.2935,4.3722935,4.8946374E-04,2.2123827E-02,4.362552,4362.5522
2031,4399811.0,43998.11,4399.8105,4.399811,4399811.0,43998.11,4399.8105,4.399811,1.3929153E-03,3.732178E-02,4.388024,4388.024
2041,4359377.5,43593.773,4359.3774,4.3593774,4359377.5,43593.773,4359.3774,4.3593774,7.827906E-04,2.7978396E-02,4.352531,4352.531
2051,4497992.0,44979.92,4497.992,4.497992,4497992.0,44979.92,4497.992,4.497992,4.0968746E-04,2.0240737E-02,4.495733,4495.733
2061,4595258.0,45952.58,4595.258,4.5952578,4595258.0,45952.58,4595.258,4.5952578,1.4826712E-03,3.850547E-02,4.587468,4587.4683
2071,4646138.5,46461.387,4646.1387,4.6461387,4646138.5,46461.387,4646.1387,4.6461387,7.380147E-04,2.7166426E-02,4.641238,4641.2383
2081,4606852.5,46068.523,4606.8525,4.6068525,4606852.5,46068.523,4606.8525,4.6068525,9.885242E-04,3.1440806E-02,4.596039,4596.039
2091,4733464.5,47334.65,4733.465,4.7334647,4733464.5,47334.65,4733.465,4.7334647,5.718523E-04,2.3913434E-02,4.728288,4728.288
2101,4772901.0,47729.01,4772.901,4.772901,4772901.0,47729.01,4772.901,4.772901,7.535809E-04,2.7451428E-02,4.769405,4769.405
2111,4789388.5,47893.887,4789.3887,4.7893887,4789388.5,47893.887,4789.3887,4.7893887,7.192932E-04,2.6819643E-02,4.782368,4782.368
2121,4911641.5,49116.414,4911.6416,4.9116416,4911641.5,49116.414,4911.6416,4.9116416,7.448132E-04,2.7291266E-02,4.905492,4905.4917
2131,4938623.0,49386.23,4938.623,4.938623,4938623.0,49386.23,4938.623,4.938623,7.6976797E-04,2.7744692E-02,4.936212,4936.212
2141,4925065.0,49250.652,4925.065,4.925065,4925065.0,49250.652,4925.065,4.925065,7.040371E-04,2.6533697E-02,4.917376,4917.376
2151,5017751.5,50177.516,5017.7515,5.0177517,5017751.5,50177.516,5017.7515,5.0177517,7.965354E-04,2.822296E-02,5.014556,5014.556
2161,5036543.5,50365.434,5036.5435,5.0365434,5036543.5,50365.434,5036.5435,5.0365434,8.2904566E-04,2.8793152E-02,5.028728,5028.728
2171,5146712.5,51467.12,5146.7124,5.1467123,5146712.5,51467.12,5146.7124,5.1467123,4.733882E-04,2.1757485E-02,5.142209,5142.209
2181,5236274.0,52362.74,5236.274,5.236274,5236274.0,52362.74,5236.274,5.236274,1.1100818E-03,3.331789E-02,5.227409,5227.4087
2191,5212095.0,52120.95,5212.0947,5.212095,5212095.0,52120.95,5212.0947,5.212095,1.7575023E-03,4.1922577E-02,5.202725,5202.725
2201,5274147.5,52741.477,5274.1475,5.2741475,5274147.5,52741.477,5274.1475,5.2741475,1.462095E-03,3.8237352E-02,5.265471,5265.471
2211,5397746.0,53977.46,5397.746,5.397746,5397746.0,53977.46,5397.746,5.397746,1.1347276E-03,3.3685718E-02,5.386653,5386.653
2221,5333266.5,53332.668,5333.2666,5.3332667,5333266.5,53332.668,5333.2666,5.3332667,7.034906E-04,2.6523396E-02,5.323989,5323.989
2231,5392259.0,53922.59,5392.2593,5.392259,5392259.0,53922.59,5392.2593,5.392259,8.37573E-04,2.8940855E-02,5.387141,5387.141
2241,5451653.5,54516.535,5451.6533,5.4516535,5451653.5,54516.535,5451.6533,5.4516535,1.3024077E-03,3.6088888E-02,5.442076,5442.076
2251,5575976.0,55759.758,5575.976,5.575976,5575976.0,55759.758,5575.976,5.575976,1.5450274E-03,3.9306834E-02,5.566215,5566.215
2261,5589053.5,55890.535,5589.0537,5.5890536,5589053.5,55890.535,5589.0537,5.5890536,1.3756095E-03,3.708921E-02,5.577303,5577.3027
2271,5648124.5,56481.246,5648.1245,5.6481247,5648124.5,56481.246,5648.1245,5.6481247,9.103802E-04,3.0172508E-02,5.640782,5640.7817
2281,5771301.0,57713.008,5771.301,5.771301,5771301.0,57713.008,5771.301,5.771301,9.0730493E-04,3.0121503E-02,5.759233,5759.233
2291,5825055.5,58250.555,5825.0557,5.8250556,5825055.5,58250.555,5825.0557,5.8250556,9.4223197E-04,3.0695798E-02,5.818278,5818.278
2301,5780072.5,57800.727,5780.0728,5.7800727,5780072.5,57800.727,5780.0728,5.7800727,1.9594058E-03,4.4265177E-02,5.766943,5766.943
2311,5994576.0,59945.76,5994.576,5.994576,5994576.0,59945.76,5994.576,5.994576,2.370287E-03,4.868559E-02,5.980154,5980.154
2321,5943116.0,59431.16,5943.116,5.943116,5943116.0,59431.16,5943.116,5.943116,1.3155771E-03,3.6270883E-02,5.933193,5933.1934
2331,5958306.5,59583.063,5958.306,5.9583063,5958306.5,59583.063,5958.306,5.9583063,9.545066E-04,3.0895092E-02,5.947398,5947.398
2341,6109686.0,61096.86,6109.686,6.109686,6109686.0,61096.86,6109.686,6.109686,1.2401883E-03,3.5216305E-02,6.098822,6098.8223
2351,6070537.0,60705.37,6070.537,6.070537,6070537.0,60705.37,6070.537,6.070537,1.5205742E-03,3.899454E-02,6.053176,6053.176
2361,6214034.5,62140.344,6214.0347,6.2140346,6214034.5,62140.344,6214.0347,6.2140346,1.9418541E-03,4.4066474E-02,6.193695,6193.6953
2371,6261425.5,62614.254,6261.4253,6.2614255,6261425.5,62614.254,6261.4253,6.2614255,8.4877294E-04,2.9133707E-02,6.256214,6256.2144
2381,6239021.0,62390.207,6239.021,6.239021,6239021.0,62390.207,6239.021,6.239021,8.801198E-04,2.9666813E-02,6.235491,6235.4907
2391,6275376.5,62753.76,6275.3765,6.2753763,6275376.5,62753.76,6275.3765,6.2753763,5.4060284E-04,2.3250867E-02,6.273335,6273.335
2401,6365283.0,63652.832,6365.283,6.365283,6365283.0,63652.832,6365.283,6.365283,9.825354E-04,3.134542E-02,6.356205,6356.205
2411,6390916.0,63909.16,6390.916,6.390916,6390916.0,63909.16,6390.916,6.390916,1.4489794E-03,3.8065463E-02,6.375767,6375.767
2421,6409102.0,64091.02,6409.102,6.409102,6409102.0,64091.02,6409.102,6.409102,5.718675E-04,2.3913752E-02,6.404002,6404.002
2431,6530613.5,65306.133,6530.6133,6.5306134,6530613.5,65306.133,6530.6133,6.5306134,1.2701997E-03,3.563986E-02,6.51979,6519.79
2441,6513020.5,65130.207,6513.0205,6.5130205,6513020.5,65130.207,6513.0205,6.5130205,1.5833605E-03,3.979146E-02,6.504332,6504.332
2451,6608163.0,66081.625,6608.163,6.608163,6608163.0,66081.625,6608.163,6.608163,1.6111846E-03,4.0139563E-02,6.599369,6599.369
2461,6677855.0,66778.55,6677.855,6.677855,6677855.0,66778.55,6677.855,6.677855,1.3392956E-03,3.6596388E-02,6.667465,6667.4653
2471,6826411.5,68264.12,6826.4116,6.8264117,6826411.5,68264.12,6826.4116,6.8264117,1.5028386E-03,3.8766462E-02,6.819804,6819.804
2481,6845333.5,68453.336,6845.3335,6.8453336,6845333.5,68453.336,6845.3335,6.8453336,1.4649946E-03,3.827525E-02,6.829538,6829.538
2491,7057724.5,70577.24,7057.7246,7.0577245,7057724.5,70577.24,7057.7246,7.0577245,4.521963E-03,6.724554E-02,7.032861,7032.8613
2501,6868833.5,68688.336,6868.8335,6.8688335,6868833.5,68688.336,6868.8335,6.8688335,9.218157E-04,3.0361418E-02,6.869859,6869.8594
2511,6940050.0,69400.5,6940.0503,6.94005,6940050.0,69400.5,6940.0503,6.94005,9.693177E-04,3.1133868E-02,6.928433,6928.433
2521,6947598.0,69475.98,6947.598,6.947598,6947598.0,69475.98,6947.598,6.947598,1.2005546E-02,0.109569825,6.920545,6920.545
2531,7145942.0,71459.42,7145.9424,7.145942,7145942.0,71459.42,7145.9424,7.145942,7.2812196E-04,2.6983734E-02,7.138764,7138.7637
2541,7248293.5,72482.94,7248.2935,7.2482934,7248293.5,72482.94,7248.2935,7.2482934,5.9047097E-04,2.4299609E-02,7.246489,7246.4893
2551,7249571.0,72495.71,7249.571,7.249571,7249571.0,72495.71,7249.571,7.249571,1.0647986E-03,3.2631252E-02,7.238275,7238.275
2561,7233213.5,72332.13,7233.2134,7.2332134,7233213.5,72332.13,7233.2134,7.2332134,5.666284E-04,2.3803959E-02,7.231615,7231.615
2571,7459737.5,74597.375,7459.7373,7.4597373,7459737.5,74597.375,7459.7373,7.4597373,1.3607105E-03,3.688781E-02,7.448044,7448.044
2581,7493401.5,74934.016,7493.4014,7.4934015,7493401.5,74934.016,7493.4014,7.4934015,1.4246809E-03,3.7744947E-02,7.482471,7482.471
2591,7645634.0,76456.34,7645.6343,7.645634,7645634.0,76456.34,7645.6343,7.645634,1.1852988E-03,3.4428168E-02,7.636934,7636.9336
2601,7680248.0,76802.48,7680.2476,7.680248,7680248.0,76802.48,7680.2476,7.680248,3.6552513E-03,6.0458675E-02,7.656541,7656.541
2611,7661831.5,76618.31,7661.8315,7.6618314,7661831.5,76618.31,7661.8315,7.6618314,1.7738234E-03,4.2116784E-02,7.654534,7654.5337
2621,7728008.5,77280.086,7728.009,7.7280087,7728008.5,77280.086,7728.009,7.7280087,2.0907812E-03,4.5725062E-02,7.720094,7720.094
2631,7756200.0,77562.0,7756.1997,7.7562,7756200.0,77562.0,7756.1997,7.7562,9.795361E-03,9.8971516E-02,7.724571,7724.5713
2641,8028444.5,80284.445,8028.4443,8.028444,8028444.5,80284.445,8028.4443,8.028444,3.2370375E-03,5.689497E-02,8.010889,8010.889
2651,8008941.5,80089.414,8008.9414,8.008942,8008941.5,80089.414,8008.9414,8.008942,1.3159574E-03,3.627613E-02,8.013355,8013.3555
2661,8050466.5,80504.664,8050.4663,8.050467,8050466.5,80504.664,8050.4663,8.050467,1.7561228E-03,4.190612E-02,8.040632,8040.6323
2671,8087546.5,80875.46,8087.5464,8.087546,8087546.5,80875.46,8087.5464,8.087546,3.2099907E-03,5.6656778E-02,8.07496,8074.96
2681,8144908.0,81449.08,8144.9077,8.144908,8144908.0,81449.08,8144.9077,8.144908,2.4341594E-03,4.93372E-02,8.133285,8133.2847
2691,8281056.5,82810.56,8281.057,8.281056,8281056.5,82810.56,8281.057,8.281056,7.0760935E-04,2.6600927E-02,8.273056,8273.056
2701,8282761.5,82827.62,8282.762,8.282762,8282761.5,82827.62,8282.762,8.282762,1.6328465E-03,4.0408496E-02,8.271555,8271.555
2711,8198260.5,81982.6,8198.261,8.19826,8198260.5,81982.6,8198.261,8.19826,1.4893244E-03,3.8591765E-02,8.182762,8182.762
2721,8493611.0,84936.12,8493.611,8.493611,8493611.0,84936.12,8493.611,8.493611,2.6820644E-03,5.178865E-02,8.479858,8479.858
2731,8527125.0,85271.25,8527.125,8.527125,8527125.0,85271.25,8527.125,8.527125,1.9440331E-03,4.409119E-02,8.512821,8512.821
2741,8481639.0,84816.39,8481.639,8.481639,8481639.0,84816.39,8481.639,8.481639,1.2913706E-02,0.11363849,8.457248,8457.248
2751,8520938.0,85209.38,8520.9375,8.520938,8520938.0,85209.38,8520.9375,8.520938,6.617223E-04,2.5723964E-02,8.523107,8523.106
2761,8699151.0,86991.51,8699.151,8.699151,8699151.0,86991.51,8699.151,8.699151,2.8928567E-03,5.3785283E-02,8.68575,8685.75
2771,8800073.0,88000.73,8800.072,8.800073,8800073.0,88000.73,8800.072,8.800073,1.7434881E-03,4.17551E-02,8.794679,8794.679
2781,8956692.0,89566.914,8956.691,8.956692,8956692.0,89566.914,8956.691,8.956692,2.2669288E-03,4.7612276E-02,8.946245,8946.245
2791,8777415.0,87774.16,8777.415,8.777415,8777415.0,87774.16,8777.415,8.777415,2.3661077E-03,4.8642654E-02,8.765415,8765.415
2801,8821490.0,88214.91,8821.49,8.82149,8821490.0,88214.91,8821.49,8.82149,2.1515982E-03,4.638532E-02,8.811634,8811.634
2811,9134521.0,91345.2,9134.5205,9.134521,9134521.0,91345.2,9134.5205,9.134521,1.4433446E-03,3.7991375E-02,9.123865,9123.865
2821,9355227.0,93552.266,9355.227,9.3552265,9355227.0,93552.266,9355.227,9.3552265,4.1078173E-02,0.2026775,9.310488,9310.487
2831,9322981.0,93229.81,9322.98,9.322981,9322981.0,93229.81,9322.98,9.322981,1.5104001E-02,0.12289834,9.302762,9302.762
2841,9351208.0,93512.08,9351.208,9.351208,9351208.0,93512.08,9351.208,9.351208,7.884896E-04,2.8080057E-02,9.346868,9346.867
2851,9365722.0,93657.22,9365.722,9.365722,9365722.0,93657.22,9365.722,9.365722,2.5759684E-03,5.0754E-02,9.357133,9357.133
2861,9568415.0,95684.15,9568.415,9.568415,9568415.0,95684.15,9568.415,9.568415,7.694701E-04,2.7739324E-02,9.567184,9567.185
2871,9547098.0,95470.984,9547.099,9.547098,9547098.0,95470.984,9547.099,9.547098,3.2737216E-03,5.7216443E-02,9.532102,9532.102
2881,9663787.0,96637.87,9663.787,9.663787,9663787.0,96637.87,9663.787,9.663787,5.5769394E-04,2.3615545E-02,9.659821,9659.82
2891,9765873.0,97658.73,9765.873,9.765873,9765873.0,97658.73,9765.873,9.765873,2.4223407E-03,4.921728E-02,9.755562,9755.562
2901,9625301.0,96253.016,9625.302,9.625301,9625301.0,96253.016,9625.302,9.625301,1.1564638E-03,3.400682E-02,9.621555,9621.556
2911,9944152.0,99441.516,9944.152,9.944152,9944152.0,99441.516,9944.152,9.944152,3.982478E-03,6.310688E-02,9.929812,9929.8125
2921,9901836.0,99018.37,9901.836,9.901836,9901836.0,99018.37,9901.836,9.901836,2.0049291E-03,4.4776436E-02,9.897322,9897.321
2931,9874490.0,98744.9,9874.49,9.87449,9874490.0,98744.9,9874.49,9.87449,1.3621777E-03,3.690769E-02,9.86288,9862.88
2941,1.0133379E+07,101333.79,10133.379,10.133379,1.0133379E+07,101333.79,10133.379,10.133379,1.7758084E-03,4.2140342E-02,10.134435,10134.435
2951,1.0062831E+07,100628.31,10062.831,10.062831,1.0062831E+07,100628.31,10062.831,10.062831,2.0539626E-03,4.5320664E-02,10.060729,10060.7295
2961,1.0206472E+07,102064.73,10206.473,10.206472,1.0206472E+07,102064.73,10206.473,10.206472,2.4108333E-03,4.9100235E-02,10.198731,10198.731
2971,1.0285056E+07,102850.56,10285.056,10.285056,1.0285056E+07,102850.56,10285.056,10.285056,2.052874E-03,4.5308653E-02,10.276398,10276.397
2981,1.0459461E+07,104594.61,10459.461,10.459461,1.0459461E+07,104594.61,10459.461,10.459461,4.981436E-03,7.057929E-02,10.444011,10444.011
2991,1.0285903E+07,102859.03,10285.903,10.285903,1.0285903E+07,102859.03,10285.903,10.285903,1.1515587E-02,0.107310705,10.2585,10258.5
3001,1.0507473E+07,105074.73,10507.473,10.507473,1.0507473E+07,105074.73,10507.473,10.507473,2.3857316E-03,4.884395E-02,10.492619,10492.618
3011,1.0499289E+07,104992.88,10499.288,10.499289,1.0499289E+07,104992.88,10499.288,10.499289,3.1704025E-03,5.630633E-02,10.483036,10483.036