n, each1e6, each1e4, each1e3, each, mean1e6, mean1e4, mean1e3, mean, variance, stdDev, median, median1e3
3011, 896814.5, 8968.1455, 896.8145, 0.8968145, 896814.5, 8968.1455, 896.8145, 0.8968145, 6.3067906e-5, 7.94153e-3, 0.8982, 898.19995
3001, 891969.6, 8919.696, 891.9696, 0.8919696, 891969.6, 8919.696, 891.9696, 0.8919696, 4.3456577e-5, 6.59216e-3, 0.892028, 892.02795
2991, 873681.3, 8736.813, 873.68134, 0.8736813, 873681.3, 8736.813, 873.68134, 0.8736813, 8.301974e-5, 9.111517e-3, 0.871931, 871.931
2981, 878606.4, 8786.063, 878.6064, 0.8786064, 878606.4, 8786.063, 878.6064, 0.8786064, 1.3666655e-4, 1.1690447e-2, 0.876595, 876.59503
2971, 877991.7, 8779.917, 877.9917, 0.8779917, 877991.7, 8779.917, 877.9917, 0.8779917, 9.0585105e-5, 9.51762e-3, 0.877591, 877.591
2961, 858913.1, 8589.131, 858.91315, 0.8589131, 858913.1, 8589.131, 858.91315, 0.8589131, 9.616861e-5, 9.806559e-3, 0.857888, 857.888
2951, 878910.5, 8789.1045, 878.91046, 0.8789105, 878910.5, 8789.1045, 878.91046, 0.8789105, 1.0868822e-4, 1.0425365e-2, 0.877588, 877.58795
2941, 846649.5, 8466.495, 846.64954, 0.8466495, 846649.5, 8466.495, 846.64954, 0.8466495, 6.906149e-4, 2.6279554e-2, 0.842092, 842.092
2931, 824807.9, 8248.079, 824.80786, 0.8248079, 824807.9, 8248.079, 824.80786, 0.8248079, 1.747348e-4, 1.3218729e-2, 0.823676, 823.67596
2921, 871629.94, 8716.3, 871.62994, 0.87162995, 871629.94, 8716.3, 871.62994, 0.87162995, 1.19027296e-4, 1.0909963e-2, 0.870622, 870.622
2911, 846304.9, 8463.049, 846.3049, 0.8463049, 846304.9, 8463.049, 846.3049, 0.8463049, 1.457559e-4, 1.207294e-2, 0.846462, 846.46204
2901, 863592.44, 8635.925, 863.59247, 0.86359245, 863592.44, 8635.925, 863.59247, 0.86359245, 5.78398e-5, 7.605248e-3, 0.864665, 864.665
2891, 809498.0, 8094.98, 809.498, 0.809498, 809498.0, 8094.98, 809.498, 0.809498, 8.359623e-5, 9.143097e-3, 0.809719, 809.71906
2881, 821692.56, 8216.926, 821.69257, 0.8216926, 821692.56, 8216.926, 821.69257, 0.8216926, 8.8850335e-5, 9.426045e-3, 0.818324, 818.32404
2871, 805836.3, 8058.3633, 805.8363, 0.8058363, 805836.3, 8058.3633, 805.8363, 0.8058363, 1.2795089e-4, 1.1311538e-2, 0.805496, 805.496
2861, 816978.7, 8169.787, 816.9787, 0.8169787, 816978.7, 8169.787, 816.9787, 0.8169787, 4.855438e-5, 6.9680973e-3, 0.818706, 818.706
2851, 800644.44, 8006.4443, 800.6445, 0.80064446, 800644.44, 8006.4443, 800.6445, 0.80064446, 5.9631093e-5, 7.722117e-3, 0.798191, 798.19104
2841, 784488.44, 7844.8843, 784.48846, 0.78448844, 784488.44, 7844.8843, 784.48846, 0.78448844, 7.1379625e-5, 8.448646e-3, 0.784478, 784.478
2831, 798177.6, 7981.776, 798.1776, 0.7981776, 798177.6, 7981.776, 798.1776, 0.7981776, 1.12895636e-4, 1.0625236e-2, 0.796027, 796.027
2821, 789649.1, 7896.491, 789.6491, 0.7896491, 789649.1, 7896.491, 789.6491, 0.7896491, 6.750913e-4, 2.598252e-2, 0.784596, 784.596
2811, 740812.3, 7408.123, 740.8123, 0.7408123, 740812.3, 7408.123, 740.8123, 0.7408123, 8.0492195e-5, 8.971744e-3, 0.740431, 740.431
2801, 763937.4, 7639.3735, 763.9374, 0.76393735, 763937.4, 7639.3735, 763.9374, 0.76393735, 8.680707e-5, 9.317031e-3, 0.763248, 763.24805
2791, 739405.56, 7394.0557, 739.4056, 0.7394056, 739405.56, 7394.0557, 739.4056, 0.7394056, 4.5863544e-5, 6.772263e-3, 0.739502, 739.502
2781, 779567.2, 7795.672, 779.5672, 0.7795672, 779567.2, 7795.672, 779.5672, 0.7795672, 8.30512e-5, 9.113243e-3, 0.78074, 780.74005
2771, 749565.9, 7495.659, 749.5659, 0.7495659, 749565.9, 7495.659, 749.5659, 0.7495659, 3.8256265e-5, 6.1851647e-3, 0.749218, 749.218
2761, 719806.0, 7198.06, 719.806, 0.719806, 719806.0, 7198.06, 719.806, 0.719806, 4.2128042e-5, 6.490612e-3, 0.720828, 720.828
2751, 699573.8, 6995.7383, 699.5738, 0.6995738, 699573.8, 6995.7383, 699.5738, 0.6995738, 7.282967e-5, 8.53403e-3, 0.699034, 699.034
2741, 730992.2, 7309.922, 730.9922, 0.7309922, 730992.2, 7309.922, 730.9922, 0.7309922, 6.211949e-5, 7.881592e-3, 0.73131, 731.31
2731, 772346.9, 7723.4688, 772.34686, 0.77234685, 772346.9, 7723.4688, 772.34686, 0.77234685, 3.1099764e-5, 5.5767163e-3, 0.771621, 771.621
2721, 713370.2, 7133.702, 713.3702, 0.7133702, 713370.2, 7133.702, 713.3702, 0.7133702, 6.4410415e-5, 8.02561e-3, 0.713325, 713.325
2711, 679365.44, 6793.655, 679.3655, 0.67936546, 679365.44, 6793.655, 679.3655, 0.67936546, 1.307861e-4, 1.1436175e-2, 0.676538, 676.53796
2701, 717559.06, 7175.5903, 717.559, 0.71755904, 717559.06, 7175.5903, 717.559, 0.71755904, 6.486494e-5, 8.053877e-3, 0.717614, 717.614
2691, 722647.0, 7226.47, 722.64703, 0.722647, 722647.0, 7226.47, 722.64703, 0.722647, 9.883171e-4, 3.143751e-2, 0.712662, 712.662
2681, 716923.06, 7169.2305, 716.92303, 0.71692306, 716923.06, 7169.2305, 716.92303, 0.71692306, 7.479631e-5, 8.648486e-3, 0.715234, 715.234
2671, 695026.6, 6950.2666, 695.0266, 0.69502664, 695026.6, 6950.2666, 695.0266, 0.69502664, 1.1306135e-4, 1.0633031e-2, 0.694676, 694.67596
2661, 667820.56, 6678.2056, 667.82056, 0.6678206, 667820.56, 6678.2056, 667.82056, 0.6678206, 6.3511696e-5, 7.969422e-3, 0.667719, 667.719
2651, 687249.8, 6872.4985, 687.2498, 0.68724984, 687249.8, 6872.4985, 687.2498, 0.68724984, 5.6285793e-5, 7.502386e-3, 0.687417, 687.417
2641, 685955.94, 6859.5596, 685.95593, 0.68595594, 685955.94, 6859.5596, 685.95593, 0.68595594, 9.693647e-5, 9.845632e-3, 0.684944, 684.944
2631, 698470.1, 6984.701, 698.4701, 0.6984701, 698470.1, 6984.701, 698.4701, 0.6984701, 5.366213e-5, 7.325444e-3, 0.699828, 699.828
2621, 664385.25, 6643.8525, 664.38525, 0.66438526, 664385.25, 6643.8525, 664.38525, 0.66438526, 8.5308064e-5, 9.236236e-3, 0.662732, 662.732
2611, 668616.4, 6686.1636, 668.61633, 0.66861635, 668616.4, 6686.1636, 668.61633, 0.66861635, 7.637073e-5, 8.739035e-3, 0.665503, 665.50305
2601, 651451.06, 6514.5107, 651.45105, 0.65145105, 651451.06, 6514.5107, 651.45105, 0.65145105, 3.5473222e-5, 5.95594e-3, 0.649944, 649.94403
2591, 627161.75, 6271.617, 627.16174, 0.62716174, 627161.75, 6271.617, 627.16174, 0.62716174, 7.145482e-5, 8.453095e-3, 0.625692, 625.692
2581, 639684.75, 6396.847, 639.68475, 0.63968474, 639684.75, 6396.847, 639.68475, 0.63968474, 4.853271e-5, 6.9665425e-3, 0.63911, 639.11005
2571, 645976.8, 6459.7686, 645.97687, 0.64597684, 645976.8, 6459.7686, 645.97687, 0.64597684, 3.504853e-5, 5.92018e-3, 0.646342, 646.342
2561, 621083.06, 6210.8306, 621.08307, 0.6210831, 621083.06, 6210.8306, 621.08307, 0.6210831, 6.2708066e-5, 7.918842e-3, 0.621127, 621.127
2551, 603484.4, 6034.8438, 603.4844, 0.6034844, 603484.4, 6034.8438, 603.4844, 0.6034844, 1.0690745e-4, 1.0339606e-2, 0.601416, 601.416
2541, 644715.4, 6447.154, 644.7154, 0.64471537, 644715.4, 6447.154, 644.7154, 0.64471537, 4.505776e-5, 6.712508e-3, 0.643832, 643.83203
2531, 624051.5, 6240.515, 624.0515, 0.6240515, 624051.5, 6240.515, 624.0515, 0.6240515, 3.767047e-5, 6.137627e-3, 0.624025, 624.02496
2521, 591249.7, 5912.497, 591.2497, 0.5912497, 591249.7, 5912.497, 591.2497, 0.5912497, 5.9253987e-5, 7.697661e-3, 0.58824, 588.24005
2511, 580279.56, 5802.796, 580.2796, 0.5802796, 580279.56, 5802.796, 580.2796, 0.5802796, 4.924819e-5, 7.0177056e-3, 0.579363, 579.363
2501, 586051.1, 5860.511, 586.0511, 0.5860511, 586051.1, 5860.511, 586.0511, 0.5860511, 5.632699e-5, 7.505131e-3, 0.585229, 585.229
2491, 588470.25, 5884.7026, 588.4703, 0.5884703, 588470.25, 5884.7026, 588.4703, 0.5884703, 1.2182104e-4, 1.1037257e-2, 0.584746, 584.74603
2481, 572732.3, 5727.323, 572.7323, 0.5727323, 572732.3, 5727.323, 572.7323, 0.5727323, 4.0749786e-5, 6.383556e-3, 0.572356, 572.35596
2471, 593682.3, 5936.8228, 593.6823, 0.5936823, 593682.3, 5936.8228, 593.6823, 0.5936823, 2.1193886e-5, 4.6036816e-3, 0.594222, 594.222
2461, 578457.6, 5784.5767, 578.45764, 0.57845765, 578457.6, 5784.5767, 578.45764, 0.57845765, 6.677595e-5, 8.171655e-3, 0.577215, 577.215
2451, 544645.4, 5446.4536, 544.6454, 0.54464537, 544645.4, 5446.4536, 544.6454, 0.54464537, 3.6525693e-5, 6.043649e-3, 0.54548, 545.48004
2441, 585344.6, 5853.4463, 585.3446, 0.5853446, 585344.6, 5853.4463, 585.3446, 0.5853446, 3.7861457e-5, 6.1531663e-3, 0.584701, 584.701
2431, 568256.8, 5682.568, 568.2568, 0.5682568, 568256.8, 5682.568, 568.2568, 0.5682568, 6.0550945e-5, 7.781449e-3, 0.567227, 567.227
2421, 542707.7, 5427.0767, 542.7077, 0.5427077, 542707.7, 5427.0767, 542.7077, 0.5427077, 6.529672e-5, 8.080639e-3, 0.541921, 541.921
2411, 535189.06, 5351.89, 535.189, 0.53518903, 535189.06, 5351.89, 535.189, 0.53518903, 5.475835e-5, 7.3998887e-3, 0.534672, 534.672
2401, 533916.56, 5339.1655, 533.9165, 0.53391653, 533916.56, 5339.1655, 533.9165, 0.53391653, 6.4975924e-5, 8.0607645e-3, 0.534987, 534.987
2391, 538881.94, 5388.8193, 538.88196, 0.53888196, 538881.94, 5388.8193, 538.88196, 0.53888196, 1.5634164e-4, 1.2503665e-2, 0.53741, 537.41003
2381, 552131.44, 5521.314, 552.1314, 0.5521314, 552131.44, 5521.314, 552.1314, 0.5521314, 1.00004e-3, 3.162341e-2, 0.542439, 542.43896
2371, 545582.06, 5455.821, 545.58203, 0.54558206, 545582.06, 5455.821, 545.58203, 0.54558206, 7.0096845e-5, 8.372386e-3, 0.546121, 546.121
2361, 540669.3, 5406.6934, 540.6693, 0.5406693, 540669.3, 5406.6934, 540.6693, 0.5406693, 5.1480918e-5, 7.1750204e-3, 0.540699, 540.699
2351, 518355.78, 5183.558, 518.3558, 0.5183558, 518355.78, 5183.558, 518.3558, 0.5183558, 7.532065e-5, 8.678747e-3, 0.517977, 517.977
2341, 538548.7, 5385.4873, 538.5487, 0.5385487, 538548.7, 5385.4873, 538.5487, 0.5385487, 6.62574e-4, 2.5740514e-2, 0.533757, 533.75696
2331, 477867.28, 4778.673, 477.86728, 0.47786728, 477867.28, 4778.673, 477.86728, 0.47786728, 3.0344721e-5, 5.5086045e-3, 0.477701, 477.70102
2321, 496008.13, 4960.081, 496.00812, 0.49600813, 496008.13, 4960.081, 496.00812, 0.49600813, 4.8593673e-5, 6.9709164e-3, 0.49408, 494.08002
2311, 528080.3, 5280.8027, 528.08026, 0.5280803, 528080.3, 5280.8027, 528.08026, 0.5280803, 8.701642e-5, 9.328259e-3, 0.526805, 526.805
2301, 489717.03, 4897.1704, 489.71704, 0.48971704, 489717.03, 4897.1704, 489.71704, 0.48971704, 5.688351e-5, 7.5421156e-3, 0.489043, 489.043
2291, 516179.88, 5161.799, 516.1799, 0.51617986, 516179.88, 5161.799, 516.1799, 0.51617986, 4.4033175e-5, 6.6357497e-3, 0.5155, 515.5
2281, 505341.2, 5053.4116, 505.3412, 0.5053412, 505341.2, 5053.4116, 505.3412, 0.5053412, 5.725389e-5, 7.56663e-3, 0.504833, 504.83298
2271, 504782.38, 5047.8237, 504.78238, 0.5047824, 504782.38, 5047.8237, 504.78238, 0.5047824, 4.8159673e-5, 6.939717e-3, 0.504553, 504.553
2261, 473903.16, 4739.0313, 473.90314, 0.47390315, 473903.16, 4739.0313, 473.90314, 0.47390315, 4.275804e-5, 6.5389634e-3, 0.473279, 473.279
2251, 453047.6, 4530.476, 453.0476, 0.4530476, 453047.6, 4530.476, 453.0476, 0.4530476, 2.594366e-5, 5.093492e-3, 0.452983, 452.983
2241, 480889.34, 4808.8936, 480.88934, 0.48088935, 480889.34, 4808.8936, 480.88934, 0.48088935, 6.236698e-5, 7.897276e-3, 0.479293, 479.293
2231, 472775.03, 4727.7505, 472.77505, 0.47277504, 472775.03, 4727.7505, 472.77505, 0.47277504, 3.5983106e-5, 5.998592e-3, 0.473107, 473.10703
2221, 481428.25, 4814.282, 481.42822, 0.48142824, 481428.25, 4814.282, 481.42822, 0.48142824, 7.050052e-4, 2.6551934e-2, 0.474897, 474.897
2211, 454163.16, 4541.632, 454.16318, 0.45416316, 454163.16, 4541.632, 454.16318, 0.45416316, 2.8349787e-5, 5.3244517e-3, 0.453754, 453.754
2201, 451581.06, 4515.8105, 451.58105, 0.45158106, 451581.06, 4515.8105, 451.58105, 0.45158106, 3.152143e-5, 5.614395e-3, 0.451548, 451.548
2191, 461049.16, 4610.4917, 461.04916, 0.46104917, 461049.16, 4610.4917, 461.04916, 0.46104917, 3.7291527e-5, 6.106679e-3, 0.459776, 459.776
2181, 469699.28, 4696.993, 469.69928, 0.4696993, 469699.28, 4696.993, 469.69928, 0.4696993, 4.1983873e-4, 2.0489966e-2, 0.465896, 465.896
2171, 441150.88, 4411.509, 441.15088, 0.44115087, 441150.88, 4411.509, 441.15088, 0.44115087, 2.8818817e-5, 5.368316e-3, 0.440541, 440.541
2161, 424554.5, 4245.545, 424.5545, 0.4245545, 424554.5, 4245.545, 424.5545, 0.4245545, 2.4246161e-5, 4.924039e-3, 0.425002, 425.002
2151, 420227.44, 4202.2744, 420.22745, 0.42022744, 420227.44, 4202.2744, 420.22745, 0.42022744, 3.207402e-5, 5.6633926e-3, 0.418855, 418.855
2141, 445992.97, 4459.9297, 445.99298, 0.44599298, 445992.97, 4459.9297, 445.99298, 0.44599298, 4.305113e-5, 6.561336e-3, 0.446657, 446.657
2131, 416939.66, 4169.3965, 416.93964, 0.41693965, 416939.66, 4169.3965, 416.93964, 0.41693965, 4.0292973e-5, 6.3476744e-3, 0.416356, 416.356
2121, 416833.84, 4168.3384, 416.83386, 0.41683385, 416833.84, 4168.3384, 416.83386, 0.41683385, 3.9135146e-5, 6.2558088e-3, 0.417273, 417.273
2111, 408792.4, 4087.924, 408.79242, 0.4087924, 408792.4, 4087.924, 408.79242, 0.4087924, 4.2994783e-5, 6.557041e-3, 0.407578, 407.578
2101, 414803.84, 4148.038, 414.80383, 0.41480383, 414803.84, 4148.038, 414.80383, 0.41480383, 3.174047e-5, 5.6338683e-3, 0.413577, 413.577
2091, 367338.53, 3673.3855, 367.33853, 0.36733854, 367338.53, 3673.3855, 367.33853, 0.36733854, 1.4698477e-5, 3.8338592e-3, 0.367773, 367.773
2081, 409059.9, 4090.599, 409.0599, 0.4090599, 409059.9, 4090.599, 409.0599, 0.4090599, 5.6412475e-5, 7.5108237e-3, 0.409102, 409.102
2071, 386712.13, 3867.1213, 386.71213, 0.38671213, 386712.13, 3867.1213, 386.71213, 0.38671213, 3.3327226e-5, 5.772974e-3, 0.385908, 385.90802
2061, 399128.6, 3991.286, 399.1286, 0.3991286, 399128.6, 3991.286, 399.1286, 0.3991286, 2.9656501e-5, 5.4457784e-3, 0.399817, 399.817
2051, 389197.97, 3891.9797, 389.19797, 0.38919798, 389197.97, 3891.9797, 389.19797, 0.38919798, 2.3002258e-5, 4.796067e-3, 0.389271, 389.271
2041, 391162.94, 3911.6294, 391.16293, 0.39116293, 391162.94, 3911.6294, 391.16293, 0.39116293, 7.5424905e-5, 8.684752e-3, 0.389341, 389.341
2031, 394936.75, 3949.3674, 394.93674, 0.39493674, 394936.75, 3949.3674, 394.93674, 0.39493674, 1.9285544e-5, 4.391531e-3, 0.394972, 394.972
2021, 384087.13, 3840.871, 384.08713, 0.38408712, 384087.13, 3840.871, 384.08713, 0.38408712, 9.529537e-5, 9.761935e-3, 0.382224, 382.224
2011, 368068.9, 3680.689, 368.0689, 0.3680689, 368068.9, 3680.689, 368.0689, 0.3680689, 2.3678695e-5, 4.8660757e-3, 0.367642, 367.642
2001, 371841.03, 3718.4104, 371.84103, 0.37184104, 371841.03, 3718.4104, 371.84103, 0.37184104, 3.936263e-5, 6.2739644e-3, 0.372139, 372.139
1991, 378507.5, 3785.075, 378.5075, 0.3785075, 378507.5, 3785.075, 378.5075, 0.3785075, 3.2398344e-5, 5.6919544e-3, 0.377805, 377.805
1981, 348552.4, 3485.5242, 348.5524, 0.3485524, 348552.4, 3485.5242, 348.5524, 0.3485524, 1.8503222e-5, 4.3015373e-3, 0.349003, 349.003
1971, 358381.53, 3583.8154, 358.38153, 0.35838154, 358381.53, 3583.8154, 358.38153, 0.35838154, 2.9958323e-5, 5.4734196e-3, 0.358905, 358.905
1961, 344753.34, 3447.5334, 344.75336, 0.34475335, 344753.34, 3447.5334, 344.75336, 0.34475335, 2.1585252e-5, 4.645993e-3, 0.344565, 344.565
1951, 348988.06, 3489.8806, 348.98807, 0.34898806, 348988.06, 3489.8806, 348.98807, 0.34898806, 2.0555362e-5, 4.533802e-3, 0.349026, 349.026
1941, 326167.03, 3261.6702, 326.16702, 0.32616702, 326167.03, 3261.6702, 326.16702, 0.32616702, 3.440505e-5, 5.865582e-3, 0.324359, 324.359
1931, 340954.47, 3409.545, 340.95447, 0.34095448, 340954.47, 3409.545, 340.95447, 0.34095448, 3.9412993e-5, 6.277977e-3, 0.339501, 339.501
1921, 344544.72, 3445.447, 344.5447, 0.3445447, 344544.72, 3445.447, 344.5447, 0.3445447, 2.491288e-5, 4.9912804e-3, 0.343957, 343.957
1911, 334791.03, 3347.9104, 334.79105, 0.33479103, 334791.03, 3347.9104, 334.79105, 0.33479103, 3.9944767e-5, 6.3201874e-3, 0.333918, 333.918
1901, 339505.94, 3395.0593, 339.50595, 0.33950594, 339505.94, 3395.0593, 339.50595, 0.33950594, 2.8103112e-5, 5.3012366e-3, 0.339439, 339.439
1891, 334870.0, 3348.7002, 334.87003, 0.33487, 334870.0, 3348.7002, 334.87003, 0.33487, 2.4881725e-5, 4.9881586e-3, 0.334688, 334.68802
1881, 328378.1, 3283.7808, 328.37808, 0.32837808, 328378.1, 3283.7808, 328.37808, 0.32837808, 3.4239097e-4, 1.850381e-2, 0.325139, 325.13898
1871, 311405.53, 3114.0554, 311.40555, 0.31140554, 311405.53, 3114.0554, 311.40555, 0.31140554, 2.5473051e-5, 5.0470834e-3, 0.311575, 311.57498
1861, 331507.66, 3315.0764, 331.50766, 0.33150765, 331507.66, 3315.0764, 331.50766, 0.33150765, 1.6048767e-5, 4.006091e-3, 0.33197, 331.97
1851, 298454.7, 2984.5466, 298.45468, 0.29845467, 298454.7, 2984.5466, 298.45468, 0.29845467, 1.6925995e-5, 4.114121e-3, 0.297928, 297.928
1841, 294378.97, 2943.7896, 294.37897, 0.29437897, 294378.97, 2943.7896, 294.37897, 0.29437897, 1.1388433e-5, 3.3746753e-3, 0.293561, 293.561
1831, 315569.53, 3155.6953, 315.56952, 0.31556952, 315569.53, 3155.6953, 315.56952, 0.31556952, 2.325453e-5, 4.822295e-3, 0.31457, 314.57
1821, 293781.3, 2937.813, 293.7813, 0.2937813, 293781.3, 2937.813, 293.7813, 0.2937813, 3.8935475e-5, 6.2398296e-3, 0.293215, 293.215
1811, 287393.84, 2873.9385, 287.39383, 0.28739384, 287393.84, 2873.9385, 287.39383, 0.28739384, 1.37734205e-5, 3.711256e-3, 0.286935, 286.935
1801, 286530.84, 2865.3086, 286.53085, 0.28653085, 286530.84, 2865.3086, 286.53085, 0.28653085, 1.6992824e-5, 4.1222353e-3, 0.285999, 285.999
1791, 288600.8, 2886.008, 288.6008, 0.2886008, 288600.8, 2886.008, 288.6008, 0.2886008, 2.157455e-5, 4.644841e-3, 0.287678, 287.678
1781, 285579.22, 2855.7922, 285.57922, 0.28557923, 285579.22, 2855.7922, 285.57922, 0.28557923, 1.8624884e-4, 1.3647302e-2, 0.282194, 282.194
1771, 271760.34, 2717.6035, 271.76035, 0.27176034, 271760.34, 2717.6035, 271.76035, 0.27176034, 7.289787e-5, 8.5380245e-3, 0.271455, 271.455
1761, 298567.3, 2985.6733, 298.56732, 0.29856732, 298567.3, 2985.6733, 298.56732, 0.29856732, 1.17947966e-4, 1.0860385e-2, 0.294964, 294.964
1751, 266258.28, 2662.5828, 266.25827, 0.26625827, 266258.28, 2662.5828, 266.25827, 0.26625827, 1.9901861e-5, 4.46115e-3, 0.265654, 265.654
1741, 289794.2, 2897.9417, 289.7942, 0.28979418, 289794.2, 2897.9417, 289.7942, 0.28979418, 6.6812805e-5, 8.17391e-3, 0.288078, 288.078
1731, 275156.94, 2751.5693, 275.15695, 0.27515694, 275156.94, 2751.5693, 275.15695, 0.27515694, 4.2866737e-5, 6.5472694e-3, 0.272836, 272.836
1721, 242043.9, 2420.4392, 242.04391, 0.24204391, 242043.9, 2420.4392, 242.04391, 0.24204391, 9.863569e-6, 3.140632e-3, 0.242054, 242.054
1711, 250694.61, 2506.946, 250.6946, 0.2506946, 250694.61, 2506.946, 250.6946, 0.2506946, 2.4734954e-5, 4.9734246e-3, 0.249174, 249.174
1701, 250817.83, 2508.1785, 250.81784, 0.25081784, 250817.83, 2508.1785, 250.81784, 0.25081784, 2.4404631e-5, 4.940104e-3, 0.251031, 251.031
1691, 265091.22, 2650.912, 265.09122, 0.2650912, 265091.22, 2650.912, 265.09122, 0.2650912, 1.6187176e-5, 4.023329e-3, 0.265249, 265.24902
1681, 264117.84, 2641.1785, 264.11783, 0.26411784, 264117.84, 2641.1785, 264.11783, 0.26411784, 9.197174e-6, 3.0326843e-3, 0.263902, 263.902
1671, 236818.25, 2368.1826, 236.81825, 0.23681825, 236818.25, 2368.1826, 236.81825, 0.23681825, 1.2559689e-5, 3.543965e-3, 0.236193, 236.19301
1661, 243496.56, 2434.9656, 243.49657, 0.24349657, 243496.56, 2434.9656, 243.49657, 0.24349657, 2.7822678e-5, 5.2747205e-3, 0.243547, 243.54701
1651, 242166.11, 2421.6611, 242.1661, 0.2421661, 242166.11, 2421.6611, 242.1661, 0.2421661, 2.6901465e-5, 5.186662e-3, 0.241796, 241.796
1641, 263488.97, 2634.89, 263.48898, 0.26348898, 263488.97, 2634.89, 263.48898, 0.26348898, 2.2533579e-5, 4.746955e-3, 0.262751, 262.751
1631, 229803.88, 2298.0388, 229.80388, 0.22980388, 229803.88, 2298.0388, 229.80388, 0.22980388, 1.5072846e-5, 3.8823762e-3, 0.229824, 229.824
1621, 229678.69, 2296.7869, 229.6787, 0.22967869, 229678.69, 2296.7869, 229.6787, 0.22967869, 2.4147477e-5, 4.914008e-3, 0.228839, 228.83899
1611, 224801.23, 2248.0122, 224.80122, 0.22480123, 224801.23, 2248.0122, 224.80122, 0.22480123, 2.4993655e-5, 4.9993657e-3, 0.222648, 222.648
1601, 224782.66, 2247.8267, 224.78265, 0.22478266, 224782.66, 2247.8267, 224.78265, 0.22478266, 1.1892286e-5, 3.4485194e-3, 0.223692, 223.692
1591, 222936.34, 2229.3635, 222.93634, 0.22293635, 222936.34, 2229.3635, 222.93634, 0.22293635, 2.4153658e-5, 4.914637e-3, 0.223053, 223.053
1581, 224179.16, 2241.7917, 224.17917, 0.22417916, 224179.16, 2241.7917, 224.17917, 0.22417916, 9.048834e-6, 3.008128e-3, 0.22346, 223.46
1571, 209707.83, 2097.0784, 209.70782, 0.20970783, 209707.83, 2097.0784, 209.70782, 0.20970783, 1.684846e-5, 4.104688e-3, 0.208701, 208.701
1561, 220204.31, 2202.043, 220.20432, 0.22020431, 220204.31, 2202.043, 220.20432, 0.22020431, 1.7013717e-5, 4.1247685e-3, 0.219673, 219.67299
1551, 209236.83, 2092.3684, 209.23683, 0.20923683, 209236.83, 2092.3684, 209.23683, 0.20923683, 1.2871695e-5, 3.5877144e-3, 0.209197, 209.197
1541, 197203.92, 1972.0392, 197.20392, 0.19720392, 197203.92, 1972.0392, 197.20392, 0.19720392, 1.0599102e-5, 3.2556262e-3, 0.19754, 197.54
1531, 206536.92, 2065.3691, 206.53693, 0.20653692, 206536.92, 2065.3691, 206.53693, 0.20653692, 1.308113e-5, 3.6167845e-3, 0.206635, 206.635
1521, 192771.88, 1927.7189, 192.77188, 0.19277188, 192771.88, 1927.7189, 192.77188, 0.19277188, 2.3409986e-5, 4.8383866e-3, 0.19168, 191.68
1511, 187727.14, 1877.2714, 187.72714, 0.18772714, 187727.14, 1877.2714, 187.72714, 0.18772714, 1.8219485e-5, 4.268429e-3, 0.188753, 188.75299
1501, 192839.44, 1928.3944, 192.83945, 0.19283944, 192839.44, 1928.3944, 192.83945, 0.19283944, 1.4237276e-5, 3.7732315e-3, 0.192818, 192.81801
1491, 195066.63, 1950.6663, 195.06664, 0.19506663, 195066.63, 1950.6663, 195.06664, 0.19506663, 2.2073487e-5, 4.698243e-3, 0.194444, 194.444
1481, 189280.38, 1892.8037, 189.28038, 0.18928038, 189280.38, 1892.8037, 189.28038, 0.18928038, 1.3823273e-5, 3.7179661e-3, 0.188962, 188.96199
1471, 192014.28, 1920.1428, 192.01428, 0.19201428, 192014.28, 1920.1428, 192.01428, 0.19201428, 1.1869323e-5, 3.4451885e-3, 0.191829, 191.829
1461, 187685.4, 1876.854, 187.6854, 0.1876854, 187685.4, 1876.854, 187.6854, 0.1876854, 1.3998246e-5, 3.741423e-3, 0.187612, 187.612
1451, 184094.92, 1840.9492, 184.09492, 0.18409492, 184094.92, 1840.9492, 184.09492, 0.18409492, 1.0929841e-5, 3.306031e-3, 0.184642, 184.642
1441, 180085.2, 1800.8519, 180.08519, 0.1800852, 180085.2, 1800.8519, 180.08519, 0.1800852, 1.3539899e-5, 3.6796601e-3, 0.179765, 179.765
1431, 179637.36, 1796.3735, 179.63736, 0.17963736, 179637.36, 1796.3735, 179.63736, 0.17963736, 6.894655e-6, 2.6257676e-3, 0.179555, 179.555
1421, 154469.77, 1544.6976, 154.46976, 0.15446976, 154469.77, 1544.6976, 154.46976, 0.15446976, 1.0755879e-5, 3.2796157e-3, 0.154344, 154.34401
1411, 166317.83, 1663.1783, 166.31784, 0.16631784, 166317.83, 1663.1783, 166.31784, 0.16631784, 1.0678715e-5, 3.2678302e-3, 0.165768, 165.76799
1401, 167914.6, 1679.146, 167.9146, 0.1679146, 167914.6, 1679.146, 167.9146, 0.1679146, 1.3379277e-5, 3.6577694e-3, 0.16672, 166.72
1391, 160809.84, 1608.0984, 160.80984, 0.16080984, 160809.84, 1608.0984, 160.80984, 0.16080984, 9.004133e-6, 3.0006887e-3, 0.160305, 160.305
1381, 148374.36, 1483.7437, 148.37436, 0.14837436, 148374.36, 1483.7437, 148.37436, 0.14837436, 7.974845e-6, 2.8239768e-3, 0.148436, 148.43599
1371, 165372.45, 1653.7245, 165.37245, 0.16537245, 165372.45, 1653.7245, 165.37245, 0.16537245, 1.0196366e-5, 3.193175e-3, 0.165088, 165.088
1361, 143870.64, 1438.7064, 143.87064, 0.14387064, 143870.64, 1438.7064, 143.87064, 0.14387064, 1.1405947e-5, 3.377269e-3, 0.143728, 143.728
1351, 157570.5, 1575.705, 157.5705, 0.1575705, 157570.5, 1575.705, 157.5705, 0.1575705, 1.2617023e-5, 3.5520447e-3, 0.157405, 157.405
1341, 150763.36, 1507.6337, 150.76337, 0.15076336, 150763.36, 1507.6337, 150.76337, 0.15076336, 6.81523e-6, 2.6105996e-3, 0.151303, 151.303
1331, 148665.86, 1486.6586, 148.66586, 0.14866586, 148665.86, 1486.6586, 148.66586, 0.14866586, 1.7229577e-5, 4.1508526e-3, 0.147894, 147.894
1321, 136339.69, 1363.397, 136.33969, 0.1363397, 136339.69, 1363.397, 136.33969, 0.1363397, 1.44854075e-5, 3.80597e-3, 0.135927, 135.927
1311, 150765.9, 1507.659, 150.76591, 0.15076591, 150765.9, 1507.659, 150.76591, 0.15076591, 6.350678e-6, 2.5200553e-3, 0.151486, 151.486
1301, 133804.1, 1338.041, 133.8041, 0.1338041, 133804.1, 1338.041, 133.8041, 0.1338041, 7.2009793e-6, 2.683464e-3, 0.133742, 133.742
1291, 138220.95, 1382.2095, 138.22095, 0.13822095, 138220.95, 1382.2095, 138.22095, 0.13822095, 7.7034e-6, 2.7755e-3, 0.137925, 137.925
1281, 130668.54, 1306.6853, 130.66853, 0.13066854, 130668.54, 1306.6853, 130.66853, 0.13066854, 8.915199e-6, 2.985833e-3, 0.130649, 130.649
1271, 127322.945, 1273.2294, 127.322945, 0.12732294, 127322.945, 1273.2294, 127.322945, 0.12732294, 5.1254933e-6, 2.2639553e-3, 0.127728, 127.728
1261, 134125.34, 1341.2534, 134.12534, 0.13412534, 134125.34, 1341.2534, 134.12534, 0.13412534, 7.240404e-6, 2.6908e-3, 0.134536, 134.536
1251, 127921.54, 1279.2153, 127.92154, 0.12792154, 127921.54, 1279.2153, 127.92154, 0.12792154, 8.2609e-6, 2.874178e-3, 0.127517, 127.517
1241, 128326.86, 1283.2687, 128.32686, 0.12832686, 128326.86, 1283.2687, 128.32686, 0.12832686, 5.665939e-6, 2.3803234e-3, 0.128404, 128.404
1231, 123217.37, 1232.1737, 123.21737, 0.12321737, 123217.37, 1232.1737, 123.21737, 0.12321737, 9.90136e-6, 3.1466426e-3, 0.123313, 123.313
1221, 124966.18, 1249.6619, 124.96618, 0.12496618, 124966.18, 1249.6619, 124.96618, 0.12496618, 1.1615977e-5, 3.408222e-3, 0.124133, 124.132996
1211, 121825.734, 1218.2573, 121.82573, 0.12182573, 121825.734, 1218.2573, 121.82573, 0.12182573, 7.466288e-6, 2.7324508e-3, 0.121357, 121.357
1201, 118454.375, 1184.5437, 118.45438, 0.118454374, 118454.375, 1184.5437, 118.45438, 0.118454374, 8.921528e-6, 2.9868928e-3, 0.118313, 118.312996
1191, 104879.11, 1048.7911, 104.87911, 0.10487911, 104879.11, 1048.7911, 104.87911, 0.10487911, 2.5428542e-6, 1.594633e-3, 0.104812, 104.812004
1181, 112669.33, 1126.6932, 112.66933, 0.11266933, 112669.33, 1126.6932, 112.66933, 0.11266933, 7.77861e-6, 2.7890159e-3, 0.11257, 112.57
1171, 111503.91, 1115.0391, 111.50391, 0.11150391, 111503.91, 1115.0391, 111.50391, 0.11150391, 5.932951e-6, 2.435765e-3, 0.111545, 111.545
1161, 104268.336, 1042.6833, 104.26833, 0.104268335, 104268.336, 1042.6833, 104.26833, 0.104268335, 1.6058e-5, 4.0072436e-3, 0.103245, 103.244995
1151, 110384.76, 1103.8475, 110.38476, 0.110384755, 110384.76, 1103.8475, 110.38476, 0.110384755, 8.91364e-6, 2.985572e-3, 0.109674, 109.673996
1141, 106792.94, 1067.9293, 106.79293, 0.106792934, 106792.94, 1067.9293, 106.79293, 0.106792934, 9.297127e-6, 3.049119e-3, 0.106405, 106.405
1131, 101238.016, 1012.3801, 101.238014, 0.10123801, 101238.016, 1012.3801, 101.238014, 0.10123801, 5.2756964e-6, 2.2968885e-3, 0.101502, 101.502
1121, 99056.52, 990.56525, 99.056526, 9.905653e-2, 99056.52, 990.56525, 99.056526, 9.905653e-2, 9.789315e-6, 3.1287882e-3, 9.8616e-2, 98.616
1111, 100658.77, 1006.58777, 100.658775, 0.100658774, 100658.77, 1006.58777, 100.658775, 0.100658774, 1.5640697e-5, 3.954832e-3, 9.9721e-2, 99.721
1101, 100112.13, 1001.12134, 100.11213, 0.10011213, 100112.13, 1001.12134, 100.11213, 0.10011213, 4.178542e-6, 2.0441483e-3, 0.100103, 100.103
1091, 92861.03, 928.61035, 92.86103, 9.2861034e-2, 92861.03, 928.61035, 92.86103, 9.2861034e-2, 4.5627844e-6, 2.1360675e-3, 9.2835e-2, 92.835
1081, 86669.164, 866.6916, 86.66916, 8.666916e-2, 86669.164, 866.6916, 86.66916, 8.666916e-2, 6.107368e-6, 2.471309e-3, 8.6299e-2, 86.299
1071, 86507.336, 865.07336, 86.50733, 8.6507335e-2, 86507.336, 865.07336, 86.50733, 8.6507335e-2, 4.263728e-6, 2.0648798e-3, 8.6117e-2, 86.117
1061, 88530.13, 885.30133, 88.53013, 8.853013e-2, 88530.13, 885.30133, 88.53013, 8.853013e-2, 2.7192557e-6, 1.6490166e-3, 8.8509e-2, 88.509
1051, 81618.64, 816.18646, 81.618645, 8.1618644e-2, 81618.64, 816.18646, 81.618645, 8.1618644e-2, 6.2450426e-6, 2.4990083e-3, 8.1425e-2, 81.425
1041, 88302.56, 883.0256, 88.30256, 8.830256e-2, 88302.56, 883.0256, 88.30256, 8.830256e-2, 5.2228124e-6, 2.2853473e-3, 8.8016e-2, 88.01601
1031, 81507.57, 815.0757, 81.50757, 8.150757e-2, 81507.57, 815.0757, 81.50757, 8.150757e-2, 4.02735e-6, 2.0068258e-3, 8.1945e-2, 81.945
1021, 77076.8, 770.768, 77.0768, 7.70768e-2, 77076.8, 770.768, 77.0768, 7.70768e-2, 4.6529362e-6, 2.1570665e-3, 7.7408e-2, 77.408
1011, 83036.625, 830.3662, 83.03662, 8.3036624e-2, 83036.625, 830.3662, 83.03662, 8.3036624e-2, 7.274484e-6, 2.697125e-3, 8.2713e-2, 82.713
1001, 78403.03, 784.03033, 78.40303, 7.840303e-2, 78403.03, 784.03033, 78.40303, 7.840303e-2, 9.991146e-6, 3.1608774e-3, 7.844e-2, 78.44
991, 69037.61, 690.3761, 69.037605, 6.903761e-2, 69037.61, 690.3761, 69.037605, 6.903761e-2, 7.1757654e-6, 2.678762e-3, 6.8833e-2, 68.833
981, 71216.4, 712.16394, 71.2164, 7.12164e-2, 71216.4, 712.16394, 71.2164, 7.12164e-2, 5.0429644e-6, 2.2456546e-3, 7.135e-2, 71.35
971, 69889.8, 698.898, 69.8898, 6.98898e-2, 69889.8, 698.898, 69.8898, 6.98898e-2, 5.6319673e-6, 2.3731766e-3, 6.9791e-2, 69.791
961, 67331.11, 673.31104, 67.33111, 6.7331105e-2, 67331.11, 673.31104, 67.33111, 6.7331105e-2, 1.2076197e-5, 3.4750823e-3, 6.6676e-2, 66.675995
951, 65526.977, 655.2698, 65.52698, 6.552698e-2, 65526.977, 655.2698, 65.52698, 6.552698e-2, 7.88937e-6, 2.8088023e-3, 6.5846e-2, 65.846
941, 66250.66, 662.5066, 66.250656, 6.625066e-2, 66250.66, 662.5066, 66.250656, 6.625066e-2, 4.918214e-6, 2.2177047e-3, 6.6356e-2, 66.356
931, 62683.492, 626.8349, 62.683495, 6.268349e-2, 62683.492, 626.8349, 62.683495, 6.268349e-2, 3.7108382e-6, 1.9263536e-3, 6.264e-2, 62.639996
921, 65892.53, 658.92535, 65.89253, 6.589253e-2, 65892.53, 658.92535, 65.89253, 6.589253e-2, 4.0522887e-6, 2.0130298e-3, 6.596e-2, 65.96
911, 66063.09, 660.6309, 66.06309, 6.606309e-2, 66063.09, 660.6309, 66.06309, 6.606309e-2, 1.9891568e-5, 4.4599962e-3, 6.5892e-2, 65.892006
901, 60911.035, 609.11035, 60.911034, 6.0911033e-2, 60911.035, 609.11035, 60.911034, 6.0911033e-2, 4.310951e-6, 2.076283e-3, 6.0776e-2, 60.775997
891, 58640.266, 586.40265, 58.640263, 5.8640264e-2, 58640.266, 586.40265, 58.640263, 5.8640264e-2, 3.678799e-6, 1.9180195e-3, 5.8686e-2, 58.686
881, 59966.367, 599.6637, 59.966366, 5.9966367e-2, 59966.367, 599.6637, 59.966366, 5.9966367e-2, 3.5459109e-6, 1.8830589e-3, 5.9932e-2, 59.932
871, 55736.24, 557.3624, 55.73624, 5.573624e-2, 55736.24, 557.3624, 55.73624, 5.573624e-2, 4.403227e-6, 2.0983869e-3, 5.5729e-2, 55.729
861, 56442.77, 564.42773, 56.442772, 5.644277e-2, 56442.77, 564.42773, 56.442772, 5.644277e-2, 3.713261e-6, 1.9269824e-3, 5.6172e-2, 56.171997
851, 54790.31, 547.9031, 54.790306, 5.4790307e-2, 54790.31, 547.9031, 54.790306, 5.4790307e-2, 5.47341e-6, 2.339532e-3, 5.4988e-2, 54.988
841, 55594.758, 555.9476, 55.594757, 5.5594757e-2, 55594.758, 555.9476, 55.594757, 5.5594757e-2, 6.1160745e-6, 2.4730698e-3, 5.5245e-2, 55.245003
831, 55672.195, 556.7219, 55.672195, 5.5672195e-2, 55672.195, 556.7219, 55.672195, 5.5672195e-2, 4.9223936e-6, 2.2186467e-3, 5.5726e-2, 55.725998
821, 51045.605, 510.45605, 51.045605, 5.1045604e-2, 51045.605, 510.45605, 51.045605, 5.1045604e-2, 4.984397e-6, 2.2325763e-3, 5.0754e-2, 50.753998
811, 46584.836, 465.84836, 46.58484, 4.6584837e-2, 46584.836, 465.84836, 46.58484, 4.6584837e-2, 3.4498364e-6, 1.8573735e-3, 4.6315e-2, 46.315
801, 48326.332, 483.26334, 48.326332, 4.8326332e-2, 48326.332, 483.26334, 48.326332, 4.8326332e-2, 1.7222286e-6, 1.3123371e-3, 4.8475e-2, 48.475002
791, 48432.504, 484.32504, 48.432503, 4.8432503e-2, 48432.504, 484.32504, 48.432503, 4.8432503e-2, 3.924499e-6, 1.9810349e-3, 4.837e-2, 48.37
781, 50854.53, 508.5453, 50.85453, 5.085453e-2, 50854.53, 508.5453, 50.85453, 5.085453e-2, 4.2129946e-6, 2.0525581e-3, 5.0778e-2, 50.778
771, 44182.137, 441.82138, 44.182137, 4.4182137e-2, 44182.137, 441.82138, 44.182137, 4.4182137e-2, 4.257093e-6, 2.0632725e-3, 4.3714e-2, 43.714
761, 43160.133, 431.60132, 43.160133, 4.3160133e-2, 43160.133, 431.60132, 43.160133, 4.3160133e-2, 3.875166e-6, 1.9685442e-3, 4.324e-2, 43.239998
751, 39466.5, 394.665, 39.4665, 3.94665e-2, 39466.5, 394.665, 39.4665, 3.94665e-2, 1.9612637e-6, 1.4004513e-3, 3.9668e-2, 39.668003
741, 41355.734, 413.55734, 41.355732, 4.1355733e-2, 41355.734, 413.55734, 41.355732, 4.1355733e-2, 4.2270326e-6, 2.055975e-3, 4.1259e-2, 41.259
731, 34140.4, 341.40396, 34.140396, 3.4140397e-2, 34140.4, 341.40396, 34.140396, 3.4140397e-2, 2.8229274e-6, 1.6801569e-3, 3.3611e-2, 33.611
721, 37777.26, 377.77264, 37.777264, 3.7777264e-2, 37777.26, 377.77264, 37.777264, 3.7777264e-2, 2.4044389e-6, 1.5506253e-3, 3.7835e-2, 37.835
711, 36942.797, 369.42798, 36.9428, 3.69428e-2, 36942.797, 369.42798, 36.9428, 3.69428e-2, 2.0855573e-6, 1.4441459e-3, 3.6981e-2, 36.981003
701, 35658.57, 356.58572, 35.658573, 3.5658572e-2, 35658.57, 356.58572, 35.658573, 3.5658572e-2, 1.92586e-6, 1.3877536e-3, 3.5481e-2, 35.481
691, 34626.5, 346.26498, 34.6265, 3.46265e-2, 34626.5, 346.26498, 34.6265, 3.46265e-2, 2.5179975e-6, 1.5868199e-3, 3.4242e-2, 34.242
681, 34450.0, 344.49997, 34.449997, 3.445e-2, 34450.0, 344.49997, 34.449997, 3.445e-2, 2.9551309e-6, 1.7190494e-3, 3.3907e-2, 33.907
671, 31233.336, 312.33337, 31.233337, 3.1233337e-2, 31233.336, 312.33337, 31.233337, 3.1233337e-2, 1.370777e-6, 1.1708018e-3, 3.1242e-2, 31.242
661, 29603.066, 296.03067, 29.603065, 2.9603066e-2, 29603.066, 296.03067, 29.603065, 2.9603066e-2, 1.7529911e-6, 1.3240057e-3, 2.9421e-2, 29.421
651, 30953.67, 309.5367, 30.95367, 3.095367e-2, 30953.67, 309.5367, 30.95367, 3.095367e-2, 1.9410566e-6, 1.3932181e-3, 3.088e-2, 30.880001
641, 29911.998, 299.12, 29.911999, 2.9911999e-2, 29911.998, 299.12, 29.911999, 2.9911999e-2, 1.7473908e-6, 1.3218891e-3, 2.9649e-2, 29.649
631, 28350.37, 283.5037, 28.35037, 2.835037e-2, 28350.37, 283.5037, 28.35037, 2.835037e-2, 1.1387795e-6, 1.0671361e-3, 2.8019e-2, 28.019
621, 30440.768, 304.40768, 30.440767, 3.0440768e-2, 30440.768, 304.40768, 30.440767, 3.0440768e-2, 1.0585946e-6, 1.0288802e-3, 3.0288e-2, 30.288
611, 30002.537, 300.02536, 30.002537, 3.0002536e-2, 30002.537, 300.02536, 30.002537, 3.0002536e-2, 7.604366e-7, 8.7203016e-4, 3.0173e-2, 30.173
601, 25967.504, 259.67502, 25.967503, 2.5967503e-2, 25967.504, 259.67502, 25.967503, 2.5967503e-2, 2.193585e-6, 1.4810757e-3, 2.5786e-2, 25.786
591, 25157.164, 251.57166, 25.157166, 2.5157165e-2, 25157.164, 251.57166, 25.157166, 2.5157165e-2, 9.4721975e-7, 9.732522e-4, 2.5204e-2, 25.203999
581, 22395.764, 223.95764, 22.395763, 2.2395764e-2, 22395.764, 223.95764, 22.395763, 2.2395764e-2, 8.2192895e-7, 9.0660295e-4, 2.239e-2, 22.390001
571, 24045.336, 240.45335, 24.045336, 2.4045335e-2, 24045.336, 240.45335, 24.045336, 2.4045335e-2, 1.4962618e-6, 1.2232178e-3, 2.403e-2, 24.03
561, 23973.262, 239.73262, 23.973263, 2.3973262e-2, 23973.262, 239.73262, 23.973263, 2.3973262e-2, 8.585227e-7, 9.26565e-4, 2.4137e-2, 24.137
551, 21805.133, 218.05133, 21.805134, 2.1805134e-2, 21805.133, 218.05133, 21.805134, 2.1805134e-2, 9.607904e-7, 9.801992e-4, 2.1567e-2, 21.567
541, 20654.469, 206.54468, 20.654469, 2.0654468e-2, 20654.469, 206.54468, 20.654469, 2.0654468e-2, 5.59111e-7, 7.4773724e-4, 2.0552e-2, 20.552
531, 20491.834, 204.91835, 20.491835, 2.0491835e-2, 20491.834, 204.91835, 20.491835, 2.0491835e-2, 5.1219376e-7, 7.1567716e-4, 2.0506e-2, 20.506
521, 19207.035, 192.07034, 19.207035, 1.9207034e-2, 19207.035, 192.07034, 19.207035, 1.9207034e-2, 2.2596803e-6, 1.5032233e-3, 1.9012e-2, 19.012001
511, 18294.365, 182.94366, 18.294367, 1.8294366e-2, 18294.365, 182.94366, 18.294367, 1.8294366e-2, 1.1884684e-6, 1.090169e-3, 1.7973e-2, 17.973
501, 16386.666, 163.86665, 16.386665, 1.6386665e-2, 16386.666, 163.86665, 16.386665, 1.6386665e-2, 5.272611e-7, 7.261275e-4, 1.6181e-2, 16.181
491, 17475.4, 174.754, 17.4754, 1.74754e-2, 17475.4, 174.754, 17.4754, 1.74754e-2, 6.7023876e-7, 8.186811e-4, 1.7369e-2, 17.369
481, 15196.469, 151.96469, 15.196468, 1.5196469e-2, 15196.469, 151.96469, 15.196468, 1.5196469e-2, 4.96266e-7, 7.044615e-4, 1.5061e-2, 15.061001
471, 16036.369, 160.3637, 16.03637, 1.6036369e-2, 16036.369, 160.3637, 16.03637, 1.6036369e-2, 6.38799e-7, 7.9924904e-4, 1.5704e-2, 15.704
461, 14324.867, 143.24867, 14.324867, 1.4324867e-2, 14324.867, 143.24867, 14.324867, 1.4324867e-2, 7.5240007e-7, 8.6741e-4, 1.4074e-2, 14.073999
451, 14716.535, 147.16534, 14.716535, 1.4716535e-2, 14716.535, 147.16534, 14.716535, 1.4716535e-2, 1.4325568e-6, 1.1968947e-3, 1.4524e-2, 14.524
441, 14296.398, 142.96399, 14.296398, 1.42963985e-2, 14296.398, 142.96399, 14.296398, 1.42963985e-2, 4.5910764e-7, 6.7757483e-4, 1.4107e-2, 14.107
431, 13000.601, 130.00601, 13.000601, 1.3000601e-2, 13000.601, 130.00601, 13.000601, 1.3000601e-2, 3.997696e-7, 6.322733e-4, 1.2789e-2, 12.789
421, 12952.033, 129.52034, 12.952033, 1.2952033e-2, 12952.033, 129.52034, 12.952033, 1.2952033e-2, 7.594396e-7, 8.714583e-4, 1.2651e-2, 12.651
411, 12391.468, 123.91467, 12.391468, 1.2391468e-2, 12391.468, 123.91467, 12.391468, 1.2391468e-2, 7.4292336e-7, 8.6193e-4, 1.2166e-2, 12.166
401, 11077.066, 110.77067, 11.077066, 1.1077067e-2, 11077.066, 110.77067, 11.077066, 1.1077067e-2, 2.822527e-7, 5.312746e-4, 1.0893e-2, 10.893001
391, 11154.566, 111.54566, 11.154566, 1.1154566e-2, 11154.566, 111.54566, 11.154566, 1.1154566e-2, 1.1631142e-6, 1.0784777e-3, 1.0694e-2, 10.694
381, 10385.135, 103.85135, 10.385136, 1.0385135e-2, 10385.135, 103.85135, 10.385136, 1.0385135e-2, 3.998769e-7, 6.323582e-4, 1.0179e-2, 10.179
371, 9977.967, 99.77966, 9.977966, 9.977967e-3, 9977.967, 99.77966, 9.977966, 9.977967e-3, 3.2376312e-7, 5.690019e-4, 9.798e-3, 9.797999
361, 8934.232, 89.34232, 8.934233, 8.934232e-3, 8934.232, 89.34232, 8.934233, 8.934232e-3, 3.1272464e-7, 5.592179e-4, 8.717e-3, 8.717
351, 8417.999, 84.17999, 8.417999, 8.417999e-3, 8417.999, 84.17999, 8.417999, 8.417999e-3, 2.0794822e-7, 4.560134e-4, 8.32e-3, 8.32
341, 7870.067, 78.70067, 7.870067, 7.870067e-3, 7870.067, 78.70067, 7.870067, 7.870067e-3, 1.7221822e-7, 4.1499184e-4, 7.738e-3, 7.738
331, 7881.099, 78.811, 7.881099, 7.881099e-3, 7881.099, 78.811, 7.881099, 7.881099e-3, 2.6430465e-7, 5.1410566e-4, 7.68e-3, 7.68
321, 6474.5005, 64.745, 6.4745007, 6.4745005e-3, 6474.5005, 64.745, 6.4745007, 6.4745005e-3, 1.8204497e-7, 4.2666728e-4, 6.366e-3, 6.366
311, 6653.5337, 66.53534, 6.653534, 6.653534e-3, 6653.5337, 66.53534, 6.653534, 6.653534e-3, 2.6434958e-7, 5.141494e-4, 6.417e-3, 6.4170003
301, 6668.9995, 66.689995, 6.668999, 6.6689993e-3, 6668.9995, 66.689995, 6.668999, 6.6689993e-3, 5.107848e-7, 7.146921e-4, 6.442e-3, 6.4420004
291, 6344.834, 63.448338, 6.344834, 6.344834e-3, 6344.834, 63.448338, 6.344834, 6.344834e-3, 2.5821603e-7, 5.081496e-4, 6.22e-3, 6.22
281, 6114.667, 61.146667, 6.114667, 6.114667e-3, 6114.667, 61.146667, 6.114667, 6.114667e-3, 2.0072697e-7, 4.4802565e-4, 5.952e-3, 5.952
271, 5398.2666, 53.982666, 5.3982663, 5.3982665e-3, 5398.2666, 53.982666, 5.3982663, 5.3982665e-3, 1.5466158e-7, 3.9327037e-4, 5.281e-3, 5.281
261, 4645.267, 46.45267, 4.645267, 4.645267e-3, 4645.267, 46.45267, 4.645267, 4.645267e-3, 2.102461e-7, 4.5852602e-4, 4.477e-3, 4.4769998
251, 4340.767, 43.40767, 4.340767, 4.340767e-3, 4340.767, 43.40767, 4.340767, 4.340767e-3, 2.0908767e-7, 4.5726105e-4, 4.175e-3, 4.1749997
241, 3868.7668, 38.687668, 3.8687668, 3.8687668e-3, 3868.7668, 38.687668, 3.8687668, 3.8687668e-3, 1.427649e-7, 3.7784243e-4, 3.714e-3, 3.7140002
231, 3589.7993, 35.897995, 3.5897994, 3.5897994e-3, 3589.7993, 35.897995, 3.5897994, 3.5897994e-3, 8.941557e-8, 2.9902437e-4, 3.495e-3, 3.4950001
221, 3583.0667, 35.830666, 3.5830667, 3.5830666e-3, 3583.0667, 35.830666, 3.5830667, 3.5830666e-3, 1.1846365e-7, 3.4418548e-4, 3.459e-3, 3.459
211, 3264.433, 32.64433, 3.264433, 3.264433e-3, 3264.433, 32.64433, 3.264433, 3.264433e-3, 7.447193e-8, 2.7289544e-4, 3.179e-3, 3.179
201, 2941.767, 29.41767, 2.941767, 2.941767e-3, 2941.767, 29.41767, 2.941767, 2.941767e-3, 7.973558e-8, 2.8237488e-4, 2.842e-3, 2.842
191, 2732.667, 27.32667, 2.732667, 2.732667e-3, 2732.667, 27.32667, 2.732667, 2.732667e-3, 2.1371095e-7, 4.6228882e-4, 2.533e-3, 2.533
181, 2633.5337, 26.335337, 2.6335337, 2.6335337e-3, 2633.5337, 26.335337, 2.6335337, 2.6335337e-3, 4.6392626e-7, 6.811213e-4, 2.435e-3, 2.435
171, 2045.5669, 20.45567, 2.0455668, 2.045567e-3, 2045.5669, 20.45567, 2.0455668, 2.045567e-3, 4.5646114e-8, 2.1364952e-4, 1.971e-3, 1.9710001
161, 1922.8334, 19.228334, 1.9228334, 1.9228334e-3, 1922.8334, 19.228334, 1.9228334, 1.9228334e-3, 3.8066545e-8, 1.9510649e-4, 1.861e-3, 1.861
151, 1717.1332, 17.171331, 1.7171332, 1.7171332e-3, 1717.1332, 17.171331, 1.7171332, 1.7171332e-3, 2.774419e-8, 1.6656586e-4, 1.67e-3, 1.6700001
141, 1527.3, 15.273001, 1.5273001, 1.5273001e-3, 1527.3, 15.273001, 1.5273001, 1.5273001e-3, 2.4166873e-8, 1.5545698e-4, 1.505e-3, 1.505
131, 1241.1002, 12.411002, 1.2411003, 1.2411003e-3, 1241.1002, 12.411002, 1.2411003, 1.2411003e-3, 2.9686483e-8, 1.7229766e-4, 1.174e-3, 1.174
121, 1098.7333, 10.987332, 1.0987333, 1.0987333e-3, 1098.7333, 10.987332, 1.0987333, 1.0987333e-3, 1.2946261e-8, 1.13781636e-4, 1.063e-3, 1.063
111, 922.8667, 9.228667, 0.9228667, 9.228667e-4, 922.8667, 9.228667, 0.9228667, 9.228667e-4, 2.046472e-8, 1.4305496e-4, 8.73e-4, 0.873
101, 707.1999, 7.071999, 0.70719993, 7.071999e-4, 707.1999, 7.071999, 0.70719993, 7.071999e-4, 1.3415693e-8, 1.1582613e-4, 6.74e-4, 0.674
91, 655.3333, 6.5533333, 0.65533334, 6.5533334e-4, 655.3333, 6.5533333, 0.65533334, 6.5533334e-4, 1.7930288e-8, 1.3390403e-4, 6.18e-4, 0.618
81, 505.4667, 5.054667, 0.5054667, 5.054667e-4, 505.4667, 5.054667, 0.5054667, 5.054667e-4, 1.0893714e-8, 1.0437296e-4, 4.86e-4, 0.486
71, 416.50003, 4.1650004, 0.41650003, 4.1650003e-4, 416.50003, 4.1650004, 0.41650003, 4.1650003e-4, 7.854252e-9, 8.862422e-5, 4.05e-4, 0.405
61, 329.53333, 3.2953334, 0.32953334, 3.2953333e-4, 329.53333, 3.2953334, 0.32953334, 3.2953333e-4, 6.7214496e-9, 8.198445e-5, 3.09e-4, 0.309
51, 264.80002, 2.648, 0.2648, 2.648e-4, 264.80002, 2.648, 0.2648, 2.648e-4, 6.2341603e-9, 7.89567e-5, 2.42e-4, 0.242
41, 179.66666, 1.7966666, 0.17966667, 1.7966666e-4, 179.66666, 1.7966666, 0.17966667, 1.7966666e-4, 1.904689e-9, 4.3642744e-5, 1.58e-4, 0.15799999
31, 126.99999, 1.2699999, 0.12699999, 1.2699999e-4, 126.99999, 1.2699999, 0.12699999, 1.2699999e-4, 5.3806665e-10, 2.3196264e-5, 1.16e-4, 0.116000004
21, 79.20001, 0.7920001, 7.9200014e-2, 7.9200014e-5, 79.20001, 0.7920001, 7.9200014e-2, 7.9200014e-5, 7.3962664e-10, 2.7196078e-5, 6.8e-5, 6.8e-2
11, 27.999998, 0.27999997, 2.7999999e-2, 2.7999999e-5, 27.999998, 0.27999997, 2.7999999e-2, 2.7999999e-5, 1.08733335e-10, 1.0427528e-5, 2.6e-5, 2.6e-2
