n,eachLogEach,m,each1e6,each1e4,each1e3, each,mean1e6,mean1e4,mean1e3, mean, variance, stdDev, median,median1e3,medianEach1e3,medianEach1e6
500,5822.3234,2827.1,1789.9231,17.899231,1.7899231,1.7899231E-03,894961.56,8949.615,894.96155,0.89496154,2.4353378E-04,1.5605569E-02,0.893362,893.362,1.786724,1786.724
499,5802.8245,2821.4458,1784.6338,17.846338,1.7846339,1.7846338E-03,892316.94,8923.169,892.31696,0.89231694,1.9448018E-04,1.3945615E-02,0.891361,891.361,1.782722,1782.7219
498,5815.8311,2815.7916,1788.1622,17.881622,1.7881622,1.7881623E-03,894081.1,8940.812,894.0811,0.8940811,1.8593526E-04,1.3635808E-02,0.893954,893.954,1.787908,1787.908
497,5814.9032,2810.1374,1787.9105,17.879105,1.7879105,1.7879105E-03,893955.25,8939.553,893.9552,0.89395523,2.8842175E-04,1.6982984E-02,0.891387,891.38696,1.782774,1782.774
496,5748.1685,2804.4832,1769.7979,17.697979,1.7697979,1.7697979E-03,884898.94,8848.989,884.899,0.88489896,2.7410142E-04,1.6556008E-02,0.882619,882.619,1.765238,1765.238
495,5722.9507,2798.829,1762.9478,17.629478,1.7629478,1.7629478E-03,881473.9,8814.739,881.4739,0.8814739,2.2043064E-04,1.4846907E-02,0.878434,878.434,1.756868,1756.8679
494,5703.8421,2793.1748,1757.7551,17.57755,1.7577552,1.7577552E-03,878877.56,8788.775,878.87756,0.8788776,2.745359E-04,1.6569125E-02,0.875327,875.32697,1.750654,1750.6539
493,5688.7022,2787.5206,1753.6396,17.536396,1.7536397,1.7536397E-03,876819.9,8768.198,876.8198,0.87681985,2.2135355E-04,1.4877955E-02,0.876253,876.253,1.752506,1752.506
492,5688.5915,2781.8664,1753.6095,17.536095,1.7536095,1.7536095E-03,876804.75,8768.048,876.80475,0.87680477,2.1175548E-04,1.455182E-02,0.875663,875.66296,1.751326,1751.3259
491,5671.9791,2776.2122,1749.0924,17.490923,1.7490923,1.7490924E-03,874546.2,8745.462,874.54614,0.8745462,2.9772733E-04,1.7254777E-02,0.870719,870.719,1.741438,1741.4381
490,5620.2955,2770.558,1735.0302,17.350302,1.73503,1.7350301E-03,867515.0,8675.15,867.515,0.867515,1.2930261E-04,1.1371131E-02,0.865891,865.891,1.731782,1731.782
489,5636.0638,2764.9038,1739.3219,17.393219,1.7393218,1.7393219E-03,869660.94,8696.609,869.6609,0.8696609,2.4993366E-04,1.580929E-02,0.868562,868.562,1.737124,1737.1239
488,5626.9250,2759.2496,1736.8347,17.368347,1.7368348,1.7368348E-03,868417.4,8684.174,868.41736,0.8684174,1.8554085E-04,1.3621338E-02,0.866321,866.32104,1.732642,1732.6421
487,5657.1808,2753.5954,1745.0674,17.450674,1.7450675,1.7450674E-03,872533.75,8725.337,872.53375,0.87253374,2.7410474E-04,1.6556108E-02,0.868308,868.308,1.736616,1736.616
486,5598.9514,2747.9412,1729.2189,17.292189,1.7292188,1.7292189E-03,864609.44,8646.094,864.60944,0.8646094,2.462671E-04,1.5692899E-02,0.861335,861.33496,1.72267,1722.6699
485,5591.2257,2742.287,1727.1149,17.271149,1.7271149,1.7271149E-03,863557.44,8635.574,863.55743,0.86355746,2.2660298E-04,1.5053337E-02,0.861616,861.616,1.723232,1723.2319
484,5582.220,2736.6328,1724.662,17.24662,1.7246621,1.724662E-03,862331.06,8623.311,862.33105,0.86233103,1.5053275E-04,1.2269179E-02,0.858875,858.875,1.71775,1717.75
483,5582.8646,2730.9786,1724.8375,17.248375,1.7248374,1.7248375E-03,862418.7,8624.1875,862.4187,0.8624187,1.9127982E-04,1.38303945E-02,0.861596,861.596,1.723192,1723.1919
482,5566.5281,2725.3244,1720.3867,17.203867,1.7203866,1.7203867E-03,860193.3,8601.934,860.1933,0.8601933,1.9499606E-04,1.3964099E-02,0.859369,859.36896,1.718738,1718.738
481,5547.5121,2719.6702,1715.2042,17.152042,1.7152042,1.7152042E-03,857602.1,8576.021,857.6021,0.8576021,2.1037985E-04,1.4504476E-02,0.853384,853.38403,1.706768,1706.7681
480,5526.4067,2714.016,1709.4501,17.0945,1.70945,1.70945E-03,854725.0,8547.25,854.725,0.854725,1.4960527E-04,1.2231323E-02,0.852438,852.438,1.704876,1704.876
479,5522.8329,2708.3618,1708.4755,17.084755,1.7084754,1.7084754E-03,854237.7,8542.377,854.2377,0.8542377,1.6677844E-04,1.2914273E-02,0.853366,853.366,1.706732,1706.732
478,5531.1277,2702.7076,1710.7374,17.107374,1.7107375,1.7107375E-03,855368.75,8553.6875,855.3687,0.85536873,1.7564654E-04,1.3253171E-02,0.85219,852.19,1.70438,1704.38
477,5513.5333,2697.0534,1705.9392,17.059391,1.7059392,1.7059392E-03,852969.56,8529.696,852.9696,0.8529696,1.5440772E-04,1.242609E-02,0.84856,848.56,1.69712,1697.1199
476,5519.245,2691.3992,1707.497,17.07497,1.7074969,1.7074969E-03,853748.44,8537.484,853.7484,0.85374844,2.4614073E-04,1.5688872E-02,0.851558,851.55804,1.703116,1703.1161
475,5509.9027,2685.745,1704.9489,17.049488,1.7049488,1.7049488E-03,852474.4,8524.744,852.47437,0.8524744,2.2648061E-04,1.5049273E-02,0.849976,849.976,1.699952,1699.952
474,5535.1140,2680.0908,1711.8243,17.118244,1.7118243,1.7118243E-03,855912.1,8559.121,855.9122,0.85591215,2.4183535E-04,1.5551057E-02,0.851403,851.403,1.702806,1702.806
473,5671.9648,2674.4366,1749.0885,17.490885,1.7490885,1.7490885E-03,874544.25,8745.442,874.54425,0.87454426,1.8606841E-03,4.3135647E-02,0.858658,858.658,1.717316,1717.316
472,5489.3350,2668.7824,1699.3374,16.993374,1.6993374,1.6993374E-03,849668.7,8496.687,849.6687,0.8496687,6.032087E-04,2.4560308E-02,0.847619,847.619,1.695238,1695.2379
471,5413.1157,2663.1282,1678.5233,16.785233,1.6785233,1.6785233E-03,839261.6,8392.616,839.26166,0.83926165,2.2907484E-04,1.5135218E-02,0.835577,835.577,1.671154,1671.154
470,5381.5650,2657.474,1669.8984,16.698984,1.6698984,1.6698984E-03,834949.2,8349.492,834.9492,0.8349492,1.6916121E-04,1.3006199E-02,0.83578,835.78,1.67156,1671.5599
469,5367.2133,2651.8198,1665.9734,16.659733,1.6659733,1.6659733E-03,832986.6,8329.866,832.98663,0.83298665,1.6977983E-04,1.3029959E-02,0.831187,831.187,1.662374,1662.374
468,5375.4560,2646.1656,1668.2278,16.682278,1.6682278,1.6682278E-03,834113.9,8341.139,834.1139,0.8341139,1.6736599E-04,1.2937001E-02,0.83286,832.86,1.66572,1665.72
467,5333.5891,2640.5114,1656.7733,16.567732,1.6567732,1.6567733E-03,828386.6,8283.866,828.3866,0.8283866,2.0497358E-04,1.4316899E-02,0.827026,827.026,1.654052,1654.052
466,5316.8275,2634.8572,1652.1848,16.521847,1.6521847,1.6521848E-03,826092.4,8260.924,826.09235,0.82609236,1.8529476E-04,1.3612302E-02,0.824169,824.169,1.648338,1648.3379
465,5305.4010,2629.203,1649.0559,16.490559,1.6490558,1.6490559E-03,824527.94,8245.279,824.5279,0.8245279,2.0852733E-04,1.4440475E-02,0.821781,821.781,1.643562,1643.562
464,5290.2677,2623.5488,1644.9109,16.449108,1.6449109,1.6449109E-03,822455.44,8224.555,822.45544,0.82245547,1.20849356E-04,1.099315E-02,0.822653,822.653,1.645306,1645.306
463,5278.9942,2617.8946,1641.8223,16.418222,1.6418223,1.6418223E-03,820911.2,8209.111,820.9112,0.82091117,2.2810017E-04,1.5102985E-02,0.822179,822.179,1.644358,1644.358
462,5266.152,2612.2404,1638.303,16.38303,1.6383029,1.6383029E-03,819151.44,8191.5146,819.1515,0.81915146,2.0597526E-04,1.4351838E-02,0.817718,817.718,1.635436,1635.436
461,5247.9853,2606.5862,1633.3232,16.333233,1.6333233,1.6333233E-03,816661.6,8166.6167,816.6617,0.81666166,2.1775565E-04,1.4756545E-02,0.814822,814.822,1.629644,1629.644
460,5230.8281,2600.932,1628.6184,16.286184,1.6286185,1.6286185E-03,814309.25,8143.0923,814.30927,0.81430924,2.3850243E-04,1.5443523E-02,0.811879,811.87897,1.623758,1623.758
459,5219.0252,2595.2778,1625.3809,16.253809,1.6253809,1.6253808E-03,812690.44,8126.9043,812.6904,0.81269044,1.597504E-04,1.263924E-02,0.810353,810.35297,1.620706,1620.7059
458,5208.6070,2589.6236,1622.5226,16.225225,1.6225226,1.6225226E-03,811261.3,8112.613,811.2613,0.8112613,2.2537581E-04,1.5012522E-02,0.807703,807.703,1.615406,1615.406
457,5180.0469,2583.9694,1614.6838,16.14684,1.6146839,1.6146839E-03,807341.94,8073.4194,807.3419,0.80734193,1.6685989E-04,1.29174255E-02,0.805103,805.103,1.610206,1610.2059
456,5181.7079,2578.3152,1615.1398,16.151398,1.6151397,1.6151398E-03,807569.9,8075.6987,807.5699,0.80756986,1.9207198E-04,1.3859004E-02,0.805321,805.321,1.610642,1610.642
455,5155.795,2572.661,1608.024,16.08024,1.608024,1.608024E-03,804012.0,8040.12,804.012,0.804012,2.6113694E-04,1.6159732E-02,0.801085,801.085,1.60217,1602.1699
454,5190.732,2567.0068,1617.617,16.17617,1.617617,1.617617E-03,808808.5,8088.085,808.80853,0.8088085,3.6574627E-04,1.9124493E-02,0.805073,805.073,1.610146,1610.146
453,5142.8271,2561.3526,1604.4614,16.044615,1.6044614,1.6044615E-03,802230.7,8022.307,802.2307,0.8022307,1.5337244E-04,1.23843625E-02,0.801636,801.636,1.603272,1603.272
452,5130.9877,2555.6984,1601.2081,16.012081,1.6012081,1.6012081E-03,800604.06,8006.0405,800.60406,0.80060405,3.1314063E-04,1.7695779E-02,0.797301,797.30096,1.594602,1594.602
451,5108.5393,2550.0442,1595.0374,15.950374,1.5950375,1.5950374E-03,797518.75,7975.1875,797.51874,0.79751873,2.2306982E-04,1.4935522E-02,0.795573,795.573,1.591146,1591.146
450,5104.4329,2544.39,1593.9083,15.939083,1.5939083,1.5939083E-03,796954.1,7969.5415,796.95416,0.79695415,1.7430766E-04,1.3202563E-02,0.792147,792.147,1.584294,1584.2941
449,5108.7266,2538.7358,1595.0889,15.950889,1.5950888,1.5950889E-03,797544.44,7975.4443,797.54443,0.7975444,2.3289134E-04,1.5260777E-02,0.795513,795.513,1.591026,1591.026
448,5065.7936,2533.0816,1583.2794,15.832794,1.5832795,1.5832795E-03,791639.75,7916.3975,791.6398,0.79163975,2.2881736E-04,1.512671E-02,0.790491,790.49097,1.580982,1580.982
447,5030.8842,2527.4274,1573.6692,15.736691,1.5736692,1.5736691E-03,786834.6,7868.346,786.8346,0.7868346,1.4462191E-04,1.2025885E-02,0.785737,785.737,1.571474,1571.4739
446,5031.8004,2521.7732,1573.9215,15.739215,1.5739216,1.5739215E-03,786960.75,7869.608,786.96075,0.7869608,1.8364491E-04,1.3551565E-02,0.78595,785.95,1.5719,1571.9
445,5027.6871,2516.119,1572.7887,15.727887,1.5727887,1.5727887E-03,786394.4,7863.9434,786.39435,0.78639436,1.373499E-04,1.1719638E-02,0.784745,784.745,1.56949,1569.49
444,5035.230,2510.4648,1574.866,15.74866,1.574866,1.574866E-03,787433.0,7874.33,787.43304,0.787433,2.3527334E-04,1.5338623E-02,0.785077,785.07697,1.570154,1570.1539
443,4992.6651,2504.8106,1563.1398,15.631397,1.5631397,1.5631397E-03,781569.8,7815.698,781.5698,0.78156984,1.6316079E-04,1.2773441E-02,0.777976,777.97595,1.555952,1555.952
442,4999.1602,2499.1564,1564.9298,15.649299,1.5649298,1.5649298E-03,782464.94,7824.6494,782.4649,0.7824649,2.1844478E-04,1.4779878E-02,0.779923,779.92303,1.559846,1559.846
441,4952.1178,2493.5022,1551.9597,15.519597,1.5519596,1.5519597E-03,775979.8,7759.7983,775.9798,0.7759798,1.424766E-04,1.1936356E-02,0.77727,777.27,1.55454,1554.54
440,4931.4122,2487.848,1546.2468,15.462468,1.5462468,1.5462468E-03,773123.4,7731.234,773.1234,0.7731234,2.4878196E-04,1.5772823E-02,0.770797,770.797,1.541594,1541.594
439,4943.358,2482.1938,1549.543,15.49543,1.549543,1.549543E-03,774771.5,7747.7153,774.7715,0.7747715,1.5269789E-04,1.2357099E-02,0.771962,771.962,1.543924,1543.924
438,4903.2391,2476.5396,1538.4695,15.384694,1.5384694,1.5384695E-03,769234.7,7692.347,769.23474,0.7692347,1.817863E-04,1.3482815E-02,0.766218,766.218,1.532436,1532.436
437,4902.470,2470.8854,1538.257,15.38257,1.538257,1.538257E-03,769128.5,7691.285,769.1285,0.7691285,2.0503513E-04,1.4319048E-02,0.765302,765.302,1.530604,1530.604
436,4900.4286,2465.2312,1537.6934,15.376933,1.5376933,1.5376933E-03,768846.6,7688.4663,768.8466,0.76884663,1.7630038E-04,1.3277816E-02,0.768581,768.581,1.537162,1537.162
435,4886.6611,2459.577,1533.8909,15.338908,1.5338908,1.5338908E-03,766945.44,7669.454,766.94543,0.7669454,1.7236819E-04,1.31289065E-02,0.765587,765.587,1.531174,1531.174
434,4877.6379,2453.9228,1531.3981,15.31398,1.531398,1.531398E-03,765699.0,7656.99,765.69904,0.765699,1.0290724E-04,1.014432E-02,0.766373,766.373,1.532746,1532.746
433,4872.7212,2448.2686,1530.0396,15.300396,1.5300395,1.5300396E-03,765019.75,7650.1978,765.0198,0.7650198,1.5370012E-04,1.2397585E-02,0.761549,761.549,1.523098,1523.098
432,4869.8634,2442.6144,1529.2499,15.292499,1.5292498,1.5292498E-03,764624.9,7646.249,764.6249,0.7646249,3.0739914E-04,1.7532801E-02,0.758221,758.22095,1.516442,1516.4419
431,4828.3639,2436.9602,1517.7769,15.177769,1.5177768,1.5177769E-03,758888.44,7588.8843,758.8884,0.7588884,2.2504356E-04,1.50014525E-02,0.75715,757.15,1.5143,1514.3
430,4807.500,2431.306,1512.005,15.120049,1.512005,1.512005E-03,756002.5,7560.025,756.0025,0.7560025,1.4810804E-04,1.2169965E-02,0.753459,753.459,1.506918,1506.918
429,4792.6416,2425.6518,1507.8927,15.078927,1.5078927,1.5078927E-03,753946.4,7539.464,753.94635,0.75394636,1.172557E-04,1.0828467E-02,0.753471,753.471,1.506942,1506.9421
428,4792.2120,2419.9976,1507.7738,15.077738,1.5077738,1.5077738E-03,753886.9,7538.8687,753.8869,0.7538869,1.2221868E-04,1.1055256E-02,0.751818,751.818,1.503636,1503.636
427,4773.3595,2414.3434,1502.5542,15.025541,1.5025542,1.5025542E-03,751277.06,7512.771,751.2771,0.7512771,1.5405512E-04,1.2411894E-02,0.752062,752.062,1.504124,1504.124
426,4765.0774,2408.6892,1500.2605,15.002605,1.5002606,1.5002606E-03,750130.3,7501.3027,750.1303,0.7501303,1.5409646E-04,1.24135595E-02,0.749117,749.117,1.498234,1498.234
425,4752.823,2403.035,1496.866,14.96866,1.496866,1.496866E-03,748433.0,7484.33,748.433,0.748433,1.2142622E-04,1.1019357E-02,0.746364,746.364,1.492728,1492.728
424,4747.1442,2397.3808,1495.2925,14.952926,1.4952925,1.4952925E-03,747646.25,7476.463,747.6463,0.7476463,2.0764109E-04,1.4409756E-02,0.745487,745.487,1.490974,1490.974
423,4778.4706,2391.7266,1503.9695,15.039694,1.5039694,1.5039694E-03,751984.7,7519.847,751.98474,0.7519847,1.8828407E-04,1.3721664E-02,0.749313,749.313,1.498626,1498.626
422,4732.9460,2386.0724,1491.3578,14.913578,1.4913578,1.4913578E-03,745678.9,7456.789,745.6789,0.7456789,1.9796952E-04,1.4070164E-02,0.742352,742.352,1.484704,1484.704
421,4714.3740,2380.4182,1486.2091,14.862091,1.4862092,1.4862091E-03,743104.56,7431.046,743.10455,0.7431046,1.1374142E-04,1.0664962E-02,0.74207,742.07,1.48414,1484.14
420,4705.6165,2374.764,1483.7805,14.837806,1.4837806,1.4837806E-03,741890.3,7418.9033,741.8903,0.7418903,1.2512827E-04,1.1186074E-02,0.738971,738.971,1.477942,1477.942
419,4679.2132,2369.1098,1476.4556,14.764556,1.4764556,1.4764556E-03,738227.8,7382.278,738.2278,0.7382278,1.5997709E-04,1.2648205E-02,0.735753,735.753,1.471506,1471.506
418,4660.3316,2363.4556,1471.2147,14.712147,1.4712147,1.4712147E-03,735607.3,7356.073,735.6073,0.7356073,1.625443E-04,1.2749286E-02,0.735167,735.16705,1.470334,1470.334
417,4671.5052,2357.8014,1474.3164,14.743165,1.4743165,1.4743165E-03,737158.25,7371.5825,737.15826,0.73715824,2.1972792E-04,1.48232225E-02,0.734866,734.866,1.469732,1469.732
416,4650.2998,2352.1472,1468.4293,14.684294,1.4684293,1.4684293E-03,734214.7,7342.1465,734.21466,0.73421466,1.5326048E-04,1.2379842E-02,0.732339,732.33905,1.464678,1464.6781
415,4645.5627,2346.493,1467.1138,14.671137,1.4671137,1.4671137E-03,733556.9,7335.569,733.5569,0.73355687,1.5345299E-04,1.2387615E-02,0.731638,731.638,1.463276,1463.276
414,4668.1788,2340.8388,1473.3931,14.733931,1.4733931,1.4733931E-03,736696.56,7366.9653,736.69653,0.73669654,2.77412E-04,1.665569E-02,0.733058,733.058,1.466116,1466.116
413,4670.8239,2335.1846,1474.1273,14.741273,1.4741273,1.4741273E-03,737063.6,7370.636,737.06366,0.73706365,3.491859E-04,1.8686516E-02,0.736026,736.026,1.472052,1472.052
412,4596.0851,2329.5304,1453.3651,14.53365,1.4533651,1.4533651E-03,726682.56,7266.825,726.68256,0.72668254,1.6540874E-04,1.2861133E-02,0.723916,723.916,1.447832,1447.832
411,4574.5183,2323.8762,1447.3673,14.473674,1.4473673,1.4473674E-03,723683.6,7236.8364,723.68365,0.72368366,1.6856918E-04,1.298342E-02,0.72089,720.89,1.44178,1441.78
410,4571.6454,2318.222,1446.5681,14.465682,1.4465681,1.4465682E-03,723284.06,7232.841,723.28406,0.72328407,2.6545682E-04,1.6292846E-02,0.722069,722.06903,1.444138,1444.1381
409,4547.8200,2312.5678,1439.9382,14.399382,1.4399382,1.4399382E-03,719969.1,7199.691,719.9691,0.7199691,2.2971368E-04,1.5156308E-02,0.718129,718.12897,1.436258,1436.2579
408,4539.4316,2306.9136,1437.6031,14.376032,1.4376031,1.4376031E-03,718801.56,7188.0156,718.8016,0.71880156,2.0553658E-04,1.4336547E-02,0.717319,717.31903,1.434638,1434.6381
407,4505.1590,2301.2594,1428.0577,14.280578,1.4280578,1.4280578E-03,714028.9,7140.289,714.0289,0.7140289,1.7207941E-04,1.3117904E-02,0.71161,711.61005,1.42322,1423.2201
406,4492.2242,2295.6052,1424.4532,14.244533,1.4244533,1.4244532E-03,712226.6,7122.266,712.2266,0.7122266,1.7839219E-04,1.3356354E-02,0.709229,709.229,1.418458,1418.458
405,4481.4697,2289.951,1421.4554,14.214554,1.4214554,1.4214554E-03,710727.7,7107.277,710.72766,0.7107277,1.4134111E-04,1.1888697E-02,0.709392,709.392,1.418784,1418.784
404,4482.0827,2284.2968,1421.6263,14.216263,1.4216263,1.4216263E-03,710813.2,7108.132,710.8132,0.71081316,1.8934623E-04,1.3760313E-02,0.708638,708.638,1.417276,1417.276
403,4465.2594,2278.6426,1416.9354,14.169354,1.4169354,1.4169355E-03,708467.75,7084.6772,708.4677,0.7084677,2.3842668E-04,1.5441071E-02,0.7067,706.7,1.4134,1413.4
402,4420.0657,2272.9884,1404.3245,14.043244,1.4043244,1.4043244E-03,702162.2,7021.622,702.16223,0.7021622,1.4722317E-04,1.21335555E-02,0.700781,700.781,1.401562,1401.562
401,4400.1079,2267.3342,1398.7511,13.987511,1.398751,1.398751E-03,699375.5,6993.755,699.3755,0.6993755,1.7079599E-04,1.3068894E-02,0.69889,698.88995,1.39778,1397.7799
400,4404.1145,2261.68,1399.8702,13.998703,1.3998703,1.3998703E-03,699935.1,6999.3516,699.9351,0.69993514,1.06185544E-04,1.0304637E-02,0.69886,698.86,1.39772,1397.72
399,4390.2940,2256.0258,1396.0095,13.960094,1.3960094,1.3960095E-03,698004.75,6980.0474,698.0047,0.6980047,2.0274107E-04,1.4238717E-02,0.697679,697.67896,1.395358,1395.358
398,4363.3617,2250.3716,1388.4823,13.884823,1.3884823,1.3884823E-03,694241.2,6942.4116,694.24115,0.69424117,1.9901825E-04,1.4107383E-02,0.693082,693.082,1.386164,1386.164
397,4358.8258,2244.7174,1387.2141,13.872142,1.3872142,1.3872142E-03,693607.06,6936.071,693.6071,0.6936071,1.528344E-04,1.2362621E-02,0.693832,693.832,1.387664,1387.664
396,4368.5924,2239.0632,1389.9446,13.899446,1.3899446,1.3899446E-03,694972.25,6949.7227,694.9723,0.6949723,2.0873068E-04,1.4447515E-02,0.692578,692.578,1.385156,1385.156
395,4340.7877,2233.409,1382.1694,13.821694,1.3821695,1.3821694E-03,691084.75,6910.8477,691.0847,0.69108474,1.9481393E-04,1.3957576E-02,0.688061,688.061,1.376122,1376.122
394,4303.4673,2227.7548,1371.7249,13.717249,1.3717248,1.3717249E-03,685862.44,6858.624,685.8624,0.6858624,1.3353236E-04,1.15556205E-02,0.682993,682.993,1.365986,1365.986
393,4286.8012,2222.1006,1367.0576,13.670575,1.3670576,1.3670576E-03,683528.75,6835.2876,683.5288,0.6835288,1.2484544E-04,1.1173425E-02,0.684133,684.133,1.368266,1368.266
392,4278.8364,2216.4464,1364.8264,13.648265,1.3648264,1.3648265E-03,682413.25,6824.1323,682.4132,0.6824132,1.9170104E-04,1.3845614E-02,0.680782,680.78204,1.361564,1361.5641
391,4258.0663,2210.7922,1359.0059,13.590058,1.3590058,1.3590058E-03,679502.9,6795.029,679.5029,0.6795029,1.4936173E-04,1.2221363E-02,0.679303,679.303,1.358606,1358.6061
390,4234.8232,2205.138,1352.4888,13.524888,1.3524888,1.3524888E-03,676244.4,6762.444,676.2444,0.6762444,2.1808727E-04,1.4767778E-02,0.672851,672.851,1.345702,1345.7021
389,4230.988,2199.4838,1351.413,13.51413,1.351413,1.351413E-03,675706.5,6757.065,675.7065,0.6757065,2.0915226E-04,1.4462098E-02,0.671206,671.206,1.342412,1342.412
388,4219.7490,2193.8296,1348.2601,13.482601,1.34826,1.3482601E-03,674130.0,6741.3003,674.13,0.67413,1.9313645E-04,1.3897354E-02,0.67143,671.43,1.34286,1342.86
387,4217.0553,2188.1754,1347.5043,13.475043,1.3475044,1.3475043E-03,673752.2,6737.522,673.7522,0.6737522,1.4516462E-04,1.2048428E-02,0.670061,670.061,1.340122,1340.122
386,4212.881,2182.5212,1346.333,13.463329,1.3463329,1.346333E-03,673166.44,6731.6646,673.16644,0.67316645,1.7384169E-04,1.3184904E-02,0.670515,670.515,1.34103,1341.03
385,4184.6458,2176.867,1338.4065,13.384065,1.3384064,1.3384065E-03,669203.25,6692.032,669.20325,0.6692032,1.18694545E-04,1.0894703E-02,0.667905,667.90497,1.33581,1335.8099
384,4171.9305,2171.2128,1334.8351,13.348351,1.334835,1.3348351E-03,667417.5,6674.1753,667.41754,0.6674175,1.7911872E-04,1.33835245E-02,0.665043,665.04297,1.330086,1330.086
383,4158.555,2165.5586,1331.077,13.310771,1.3310771,1.3310771E-03,665538.56,6655.3853,665.5386,0.66553855,2.2271875E-04,1.4923764E-02,0.665151,665.151,1.330302,1330.302
382,4129.0119,2159.9044,1322.7717,13.227717,1.3227718,1.3227718E-03,661385.9,6613.859,661.38586,0.6613859,1.5848601E-04,1.2589123E-02,0.659119,659.119,1.318238,1318.238
381,4160.2087,2154.2502,1331.5417,13.315417,1.3315417,1.3315417E-03,665770.8,6657.7085,665.7708,0.6657708,2.7434627E-04,1.65634E-02,0.660658,660.658,1.321316,1321.316
380,4119.4925,2148.596,1320.0942,13.200942,1.3200942,1.3200942E-03,660047.1,6600.471,660.0471,0.6600471,2.7145262E-04,1.6475819E-02,0.655881,655.881,1.311762,1311.7621
379,4094.8834,2142.9418,1313.1694,13.131695,1.3131695,1.3131695E-03,656584.75,6565.847,656.5847,0.65658474,2.048521E-04,1.4312655E-02,0.654349,654.349,1.308698,1308.6981
378,4096.2668,2137.2876,1313.5588,13.135589,1.3135589,1.3135589E-03,656779.44,6567.795,656.7795,0.65677947,2.0117724E-04,1.4183696E-02,0.65294,652.94,1.30588,1305.8799
377,4071.7565,2131.6334,1306.6576,13.066576,1.3066576,1.3066576E-03,653328.75,6533.2876,653.3288,0.6533288,1.5606449E-04,1.2492578E-02,0.652011,652.011,1.304022,1304.022
376,4044.592,2125.9792,1299.004,12.990041,1.2990041,1.2990041E-03,649502.06,6495.0205,649.502,0.64950204,1.6517643E-04,1.2852099E-02,0.645366,645.366,1.290732,1290.732
375,4021.2999,2120.325,1292.4368,12.924367,1.2924367,1.2924367E-03,646218.4,6462.1836,646.2184,0.64621836,1.1969858E-04,1.0940685E-02,0.644486,644.486,1.288972,1288.9719
374,4011.6799,2114.6708,1289.7233,12.897232,1.2897232,1.2897232E-03,644861.56,6448.6157,644.8616,0.6448616,1.8235651E-04,1.35039445E-02,0.642066,642.066,1.284132,1284.132
373,3987.3982,2109.0166,1282.8711,12.8287115,1.2828711,1.2828711E-03,641435.56,6414.3555,641.43555,0.64143556,1.5826822E-04,1.2580469E-02,0.640737,640.737,1.281474,1281.474
372,3974.2027,2103.3624,1279.1455,12.791454,1.2791455,1.2791455E-03,639572.75,6395.7275,639.57275,0.63957274,1.1443301E-04,1.0697337E-02,0.637256,637.25604,1.274512,1274.5121
371,3950.7022,2097.7082,1272.5071,12.725071,1.2725071,1.2725071E-03,636253.56,6362.535,636.25354,0.63625354,1.6750327E-04,1.2942306E-02,0.633567,633.56696,1.267134,1267.134
370,3935.3092,2092.054,1268.1566,12.681565,1.2681565,1.2681566E-03,634078.25,6340.7827,634.07825,0.63407826,1.2205037E-04,1.1047641E-02,0.633473,633.47296,1.266946,1266.9459
369,3933.4680,2086.3998,1267.6361,12.676361,1.2676361,1.2676361E-03,633818.0,6338.18,633.81805,0.63381803,1.1274506E-04,1.0618147E-02,0.631945,631.945,1.26389,1263.89
368,3933.4489,2080.7456,1267.6307,12.676308,1.2676307,1.2676307E-03,633815.4,6338.1533,633.81537,0.63381535,1.9200981E-04,1.385676E-02,0.629425,629.425,1.25885,1258.85
367,3916.9713,2075.0914,1262.9714,12.629714,1.2629714,1.2629714E-03,631485.7,6314.857,631.4857,0.6314857,1.7390636E-04,1.3187356E-02,0.628052,628.052,1.256104,1256.104
366,3918.6543,2069.4372,1263.4474,12.634474,1.2634473,1.2634473E-03,631723.6,6317.2363,631.72363,0.63172364,1.8567166E-04,1.3626139E-02,0.630179,630.179,1.260358,1260.358
365,3905.6016,2063.783,1259.7552,12.597552,1.2597553,1.2597552E-03,629877.6,6298.7764,629.8776,0.6298776,1.808656E-04,1.3448628E-02,0.626183,626.183,1.252366,1252.366
364,3892.6921,2058.1288,1256.1022,12.561021,1.2561021,1.2561021E-03,628051.06,6280.5103,628.051,0.62805104,2.3007437E-04,1.5168202E-02,0.625574,625.574,1.251148,1251.148
363,3851.1180,2052.4746,1244.3291,12.443292,1.2443291,1.2443291E-03,622164.56,6221.6455,622.16455,0.62216455,2.0759484E-04,1.4408152E-02,0.624127,624.12695,1.248254,1248.254
362,3845.8344,2046.8204,1242.8319,12.428319,1.242832,1.2428319E-03,621416.0,6214.1597,621.41595,0.621416,1.8007653E-04,1.3419259E-02,0.617854,617.854,1.235708,1235.708
361,3843.43,2041.1662,1242.15,12.421499,1.24215,1.24215E-03,621075.0,6210.7495,621.07495,0.621075,1.4064896E-04,1.1859551E-02,0.620848,620.848,1.241696,1241.6959
360,3827.7135,2035.512,1237.6953,12.376953,1.2376953,1.2376953E-03,618847.7,6188.4766,618.84766,0.61884767,2.225594E-04,1.4918425E-02,0.617157,617.157,1.234314,1234.314
359,3795.7763,2029.8578,1228.6359,12.286359,1.2286359,1.2286359E-03,614317.94,6143.1797,614.31793,0.61431795,1.7820422E-04,1.3349315E-02,0.609574,609.57404,1.219148,1219.1481
358,3785.7295,2024.2036,1225.7843,12.257843,1.2257843,1.2257843E-03,612892.1,6128.9214,612.89215,0.61289215,1.9255026E-04,1.3876248E-02,0.610271,610.271,1.220542,1220.542
357,3765.5340,2018.5494,1220.0497,12.200497,1.2200497,1.2200497E-03,610024.9,6100.2485,610.02484,0.61002487,1.7366574E-04,1.317823E-02,0.608029,608.029,1.216058,1216.058
356,3749.2265,2012.8952,1215.4167,12.154167,1.2154167,1.2154167E-03,607708.3,6077.0835,607.7083,0.60770833,1.5475987E-04,1.2440252E-02,0.604616,604.61597,1.209232,1209.232
355,3737.1018,2007.241,1211.9706,12.119706,1.2119706,1.2119706E-03,605985.3,6059.853,605.9853,0.6059853,1.6296373E-04,1.2765724E-02,0.602784,602.784,1.205568,1205.568
354,3728.0728,2001.5868,1209.4036,12.094035,1.2094035,1.2094035E-03,604701.75,6047.0176,604.7018,0.60470176,1.6422858E-04,1.281517E-02,0.604419,604.419,1.208838,1208.838
353,3703.437,1995.9326,1202.396,12.02396,1.202396,1.202396E-03,601198.0,6011.98,601.198,0.601198,2.3581886E-04,1.5356394E-02,0.599918,599.918,1.199836,1199.836
352,3688.3510,1990.2784,1198.1024,11.981024,1.1981024,1.1981024E-03,599051.2,5990.5117,599.05115,0.5990512,1.6611433E-04,1.2888535E-02,0.596773,596.773,1.193546,1193.5461
351,3684.5732,1984.6242,1197.0269,11.970268,1.1970268,1.1970268E-03,598513.44,5985.1343,598.5134,0.5985134,1.811775E-04,1.3460219E-02,0.596543,596.543,1.193086,1193.086
350,3656.7313,1978.97,1189.0969,11.890969,1.1890969,1.189097E-03,594548.44,5945.485,594.54846,0.59454846,1.1958686E-04,1.0935578E-02,0.593066,593.066,1.186132,1186.132
349,3668.1082,1973.3158,1192.3381,11.923382,1.1923382,1.1923382E-03,596169.1,5961.691,596.1691,0.5961691,1.2798056E-04,1.1312849E-02,0.592424,592.42395,1.184848,1184.8479
348,3651.6204,1967.6616,1187.6405,11.876405,1.1876404,1.1876405E-03,593820.2,5938.202,593.8202,0.5938202,1.3505727E-04,1.1621415E-02,0.591188,591.188,1.182376,1182.3761
347,3610.9367,1962.0074,1176.0393,11.760393,1.1760393,1.1760393E-03,588019.7,5880.197,588.01965,0.58801967,9.983747E-05,9.99187E-03,0.586352,586.352,1.172704,1172.704
346,3607.5044,1956.3532,1175.0599,11.750599,1.1750599,1.1750599E-03,587529.94,5875.3,587.52997,0.58752996,1.3148422E-04,1.1466657E-02,0.585815,585.815,1.17163,1171.63
345,3593.017,1950.699,1170.925,11.709251,1.1709251,1.1709251E-03,585462.56,5854.6255,585.4626,0.58546257,1.9932458E-04,1.4118236E-02,0.584634,584.63403,1.169268,1169.2681
344,3597.1713,1945.0448,1172.1108,11.7211075,1.1721108,1.1721108E-03,586055.4,5860.554,586.0554,0.5860554,1.2956648E-04,1.1382728E-02,0.58272,582.72,1.16544,1165.44
343,3575.5706,1939.3906,1165.9429,11.659429,1.1659429,1.1659429E-03,582971.44,5829.7144,582.97144,0.58297145,2.219073E-04,1.4896554E-02,0.581419,581.419,1.162838,1162.838
342,3555.4455,1933.7364,1160.1927,11.601928,1.1601927,1.1601928E-03,580096.4,5800.964,580.0964,0.58009636,1.1184073E-04,1.0575478E-02,0.578684,578.68396,1.157368,1157.3679
341,3542.3674,1928.0822,1156.4541,11.564541,1.1564541,1.1564541E-03,578227.06,5782.2705,578.22705,0.57822704,1.4881224E-04,1.2198862E-02,0.577335,577.335,1.15467,1154.67
340,3526.2256,1922.428,1151.8376,11.518376,1.1518376,1.1518376E-03,575918.8,5759.188,575.9188,0.5759188,1.2331801E-04,1.1104864E-02,0.573897,573.89703,1.147794,1147.794
339,3519.4048,1916.7738,1149.8862,11.498863,1.1498863,1.1498863E-03,574943.1,5749.431,574.9431,0.5749431,1.862163E-04,1.364611E-02,0.574083,574.08295,1.148166,1148.1659
338,3502.3752,1911.1196,1145.0123,11.450123,1.1450124,1.1450123E-03,572506.2,5725.062,572.50616,0.5725062,1.15326926E-04,1.0739038E-02,0.570673,570.673,1.141346,1141.346
337,3486.0268,1905.4654,1140.3309,11.403309,1.1403309,1.1403309E-03,570165.44,5701.655,570.16547,0.57016546,1.474452E-04,1.2142701E-02,0.566954,566.95404,1.133908,1133.9081
336,3499.9148,1899.8112,1144.3079,11.443079,1.1443079,1.1443079E-03,572153.94,5721.539,572.15393,0.5721539,1.7419732E-04,1.3198383E-02,0.569583,569.583,1.139166,1139.1659
335,3469.3894,1894.157,1135.5643,11.355643,1.1355643,1.1355643E-03,567782.2,5677.822,567.78217,0.56778216,1.5902752E-04,1.26106115E-02,0.566012,566.012,1.132024,1132.024
334,3474.7724,1888.5028,1137.1068,11.371068,1.1371068,1.1371068E-03,568553.4,5685.5337,568.5534,0.5685534,1.2183692E-04,1.10379765E-02,0.567888,567.888,1.135776,1135.776
333,3470.4170,1882.8486,1135.8588,11.358587,1.1358587,1.1358587E-03,567929.3,5679.2935,567.9293,0.5679293,1.916949E-04,1.38453925E-02,0.567072,567.07196,1.134144,1134.1439
332,3476.4212,1877.1944,1137.5792,11.3757925,1.1375792,1.1375792E-03,568789.6,5687.896,568.7896,0.5687896,1.4892554E-04,1.2203505E-02,0.566431,566.43097,1.132862,1132.8619
331,3473.489,1871.5402,1136.739,11.367391,1.136739,1.136739E-03,568369.5,5683.6953,568.3695,0.5683695,1.7291275E-04,1.3149629E-02,0.565493,565.493,1.130986,1130.9861
330,3467.6311,1865.886,1135.0604,11.350604,1.1350604,1.1350604E-03,567530.2,5675.3022,567.5302,0.5675302,2.063285E-04,1.4364139E-02,0.563017,563.017,1.126034,1126.034
329,3478.6211,1860.2318,1138.2095,11.382094,1.1382095,1.1382095E-03,569104.75,5691.0474,569.10474,0.56910473,2.743975E-04,1.6564948E-02,0.56523,565.23004,1.13046,1130.4601
328,3406.1366,1854.5776,1117.4196,11.174195,1.1174196,1.1174196E-03,558709.8,5587.098,558.7098,0.5587098,1.4894368E-04,1.2204248E-02,0.557481,557.481,1.114962,1114.9619
327,3439.177,1848.9234,1126.902,11.269019,1.126902,1.126902E-03,563451.0,5634.51,563.451,0.563451,1.5689665E-04,1.252584E-02,0.562645,562.645,1.12529,1125.29
326,3371.1035,1843.2692,1107.3542,11.073543,1.1073543,1.1073543E-03,553677.1,5536.7715,553.6771,0.55367714,1.4634732E-04,1.209741E-02,0.552746,552.746,1.105492,1105.492
325,3352.1441,1837.615,1101.9022,11.019022,1.1019022,1.1019022E-03,550951.1,5509.511,550.9511,0.5509511,1.0954512E-04,1.0466381E-02,0.548887,548.887,1.097774,1097.774
324,3340.7421,1831.9608,1098.6218,10.986218,1.0986218,1.0986219E-03,549310.94,5493.1094,549.3109,0.5493109,1.6655865E-04,1.290576E-02,0.548887,548.887,1.097774,1097.774
323,3338.8065,1826.3066,1098.0648,10.980648,1.0980648,1.0980648E-03,549032.4,5490.3237,549.0324,0.5490324,1.3237719E-04,1.1505528E-02,0.546553,546.55304,1.093106,1093.106
322,3318.3868,1820.6524,1092.1865,10.921865,1.0921866,1.0921865E-03,546093.3,5460.9326,546.09326,0.5460933,1.5956654E-04,1.2631965E-02,0.542612,542.612,1.085224,1085.224
321,3302.0644,1814.9982,1087.4849,10.874848,1.0874848,1.0874849E-03,543742.44,5437.4243,543.74243,0.5437424,1.1624987E-04,1.0781923E-02,0.542728,542.728,1.085456,1085.456
320,3314.5081,1809.344,1091.0695,10.910694,1.0910695,1.0910694E-03,545534.75,5455.347,545.5347,0.54553473,1.2632394E-04,1.1239393E-02,0.546476,546.476,1.092952,1092.952
319,3287.9912,1803.6898,1083.4291,10.8342905,1.0834291,1.0834291E-03,541714.56,5417.1455,541.71454,0.54171455,1.4792003E-04,1.2162237E-02,0.539304,539.304,1.078608,1078.608
318,3266.3245,1798.0356,1077.1812,10.7718115,1.0771812,1.0771812E-03,538590.6,5385.9063,538.59064,0.5385906,1.530318E-04,1.2370602E-02,0.536798,536.798,1.073596,1073.596
317,3266.4915,1792.3814,1077.2294,10.772294,1.0772294,1.0772294E-03,538614.7,5386.147,538.6147,0.5386147,1.072712E-04,1.0357181E-02,0.536206,536.206,1.072412,1072.412
316,3243.4770,1786.7272,1070.5879,10.705879,1.0705879,1.0705879E-03,535293.94,5352.9395,535.29395,0.53529394,1.439094E-04,1.19962245E-02,0.535048,535.04803,1.070096,1070.0961
315,3238.2899,1781.073,1069.0903,10.690904,1.0690904,1.0690903E-03,534545.2,5345.4517,534.54517,0.5345452,1.291935E-04,1.1366332E-02,0.53367,533.67,1.06734,1067.34
314,3237.2852,1775.4188,1068.8002,10.688003,1.0688002,1.0688002E-03,534400.1,5344.001,534.4001,0.5344001,1.7857386E-04,1.3363153E-02,0.531732,531.732,1.063464,1063.4641
313,3221.5184,1769.7646,1064.2463,10.642463,1.0642463,1.0642463E-03,532123.1,5321.2314,532.12317,0.53212315,1.7989184E-04,1.3412376E-02,0.528131,528.131,1.056262,1056.2621
312,3209.104,1764.1104,1060.659,10.60659,1.060659,1.0606591E-03,530329.5,5303.2954,530.3295,0.5303295,1.3245712E-04,1.1509001E-02,0.528513,528.513,1.057026,1057.026
311,3182.8117,1758.4562,1053.0563,10.530563,1.0530564,1.0530563E-03,526528.2,5265.2817,526.5282,0.5265282,8.155663E-05,9.030871E-03,0.523703,523.703,1.047406,1047.406
310,3174.8253,1752.802,1050.7456,10.507456,1.0507456,1.0507456E-03,525372.8,5253.728,525.3728,0.5253728,1.2774827E-04,1.1302578E-02,0.523863,523.86304,1.047726,1047.7261
309,3155.8430,1747.1478,1045.2509,10.452508,1.0452508,1.0452508E-03,522625.38,5226.254,522.62537,0.5226254,7.952198E-05,8.91751E-03,0.519956,519.956,1.039912,1039.912
308,3146.9664,1741.4936,1042.6802,10.426801,1.0426801,1.0426801E-03,521340.06,5213.401,521.3401,0.5213401,9.920139E-05,9.959989E-03,0.519719,519.719,1.039438,1039.4381
307,3145.2289,1735.8394,1042.1769,10.421768,1.0421768,1.0421769E-03,521088.4,5210.8843,521.08844,0.5210884,2.005383E-04,1.4161155E-02,0.517699,517.699,1.035398,1035.398
306,3115.7713,1730.1852,1033.6396,10.336396,1.0336397,1.0336397E-03,516819.84,5168.198,516.8198,0.51681983,1.2848023E-04,1.1334912E-02,0.514977,514.977,1.029954,1029.954
305,3114.8585,1724.531,1033.3749,10.333749,1.0333749,1.0333749E-03,516687.44,5166.8745,516.68744,0.51668745,1.0431003E-04,1.0213228E-02,0.514863,514.86304,1.029726,1029.726
304,3100.5282,1718.8768,1029.2184,10.292184,1.0292184,1.0292184E-03,514609.22,5146.0923,514.6092,0.5146092,1.3609712E-04,1.1666067E-02,0.510395,510.395,1.02079,1020.79
303,3092.5100,1713.2226,1026.8918,10.268919,1.0268918,1.0268919E-03,513445.9,5134.459,513.4459,0.5134459,1.3663707E-04,1.1689186E-02,0.509331,509.331,1.018662,1018.662
302,3158.7058,1707.5684,1046.0798,10.460798,1.0460798,1.0460798E-03,523039.88,5230.399,523.03986,0.5230399,4.453077E-04,2.1102315E-02,0.519291,519.29095,1.038582,1038.5819
301,3083.7869,1701.9142,1024.3599,10.243598,1.0243598,1.0243598E-03,512179.9,5121.7993,512.17993,0.5121799,2.2618369E-04,1.5039405E-02,0.510644,510.644,1.021288,1021.28796
300,3074.4487,1696.26,1021.6486,10.216486,1.0216486,1.0216486E-03,510824.3,5108.243,510.8243,0.5108243,1.6248276E-04,1.2746872E-02,0.510274,510.274,1.020548,1020.5479
299,3065.42908,1690.6058,1019.02893,10.1902895,1.0190289,1.019029E-03,509514.44,5095.1445,509.51447,0.50951445,1.3624762E-04,1.1672515E-02,0.507394,507.394,1.014788,1014.788
298,3041.86,1684.9516,1012.18,10.1218,1.01218,1.01218E-03,506090.0,5060.9,506.09,0.50609,1.0352128E-04,1.0174541E-02,0.504158,504.15802,1.008316,1008.31604
297,3012.51171,1679.2974,1003.64233,10.036424,1.0036423,1.0036423E-03,501821.16,5018.2114,501.82117,0.50182116,9.792406E-05,9.895658E-03,0.500232,500.232,1.000464,1000.464
296,3017.43446,1673.6432,1005.07495,10.05075,1.005075,1.0050749E-03,502537.5,5025.375,502.53748,0.5025375,2.878271E-04,1.6965467E-02,0.499541,499.54102,0.99908197,999.082
295,2980.6107,1667.989,994.3522,9.9435215,0.99435216,9.943522E-04,497176.06,4971.7607,497.17606,0.49717605,1.2273916E-04,1.1078771E-02,0.49665,496.65002,0.9933,993.3
294,2985.7796,1662.3348,995.8582,9.958582,0.99585825,9.958582E-04,497929.13,4979.2915,497.92914,0.49792913,8.853748E-05,9.409436E-03,0.496735,496.73502,0.99346995,993.47
293,2965.6624,1656.6806,989.9952,9.899952,0.9899952,9.899952E-04,494997.63,4949.976,494.99762,0.49499762,1.4392105E-04,1.199671E-02,0.490932,490.93198,0.9818639,981.86395
292,2967.7173,1651.0264,990.5943,9.905943,0.99059427,9.905943E-04,495297.13,4952.971,495.29712,0.49529713,1.55643E-04,1.2475696E-02,0.49299,492.99,0.9859799,985.9799
291,2966.60271,1645.3722,990.26935,9.902694,0.99026936,9.902694E-04,495134.66,4951.3467,495.13464,0.49513465,1.7630779E-04,1.3278094E-02,0.494135,494.13498,0.98827004,988.27
290,2945.70021,1639.718,984.17303,9.84173,0.98417306,9.84173E-04,492086.53,4920.865,492.08652,0.49208653,2.900511E-04,1.7030887E-02,0.488344,488.34402,0.97668797,976.688
289,2965.5183,1634.0638,989.9532,9.899531,0.98995316,9.899532E-04,494976.63,4949.766,494.97662,0.4949766,1.8859375E-04,1.3732944E-02,0.49356,493.56,0.98712,987.12
288,2918.96960,1628.4096,976.36993,9.7637,0.97637,9.7636995E-04,488185.0,4881.85,488.185,0.488185,2.0025956E-04,1.415131E-02,0.485747,485.747,0.971494,971.494
287,2903.4028,1622.7554,971.8221,9.718221,0.9718221,9.7182207E-04,485911.03,4859.1104,485.91104,0.48591104,1.584807E-04,1.2588912E-02,0.483829,483.82898,0.967658,967.658
286,2957.65411,1617.1012,987.66003,9.8766,0.98766005,9.8766E-04,493830.0,4938.3,493.83,0.49383,5.029911E-04,2.2427462E-02,0.490047,490.047,0.98009396,980.09393
285,2870.7197,1611.447,962.2649,9.622649,0.9622649,9.622649E-04,481132.44,4811.3247,481.13245,0.48113245,1.230007E-04,1.1090568E-02,0.480008,480.008,0.960016,960.01605
284,2846.5301,1605.7928,955.1836,9.551836,0.95518357,9.551836E-04,477591.78,4775.918,477.5918,0.47759178,1.0899335E-04,1.0439988E-02,0.475767,475.767,0.951534,951.53394
283,2829.10981,1600.1386,950.07983,9.500798,0.9500798,9.500798E-04,475039.9,4750.399,475.0399,0.4750399,1.2113924E-04,1.1006327E-02,0.473398,473.398,0.946796,946.79596
282,2829.5604,1594.4844,950.2119,9.502119,0.9502119,9.502119E-04,475105.94,4751.0596,475.10593,0.47510594,1.686476E-04,1.2986439E-02,0.473594,473.59402,0.947188,947.188
281,2805.425,1588.8302,943.135,9.43135,0.943135,9.43135E-04,471567.5,4715.6753,471.5675,0.4715675,1.615833E-04,1.2711542E-02,0.470922,470.922,0.941844,941.84393
280,2788.85670,1583.176,938.27313,9.382731,0.93827313,9.3827315E-04,469136.56,4691.3657,469.13657,0.46913657,1.4909844E-04,1.2210587E-02,0.468398,468.398,0.936796,936.796
279,2779.44222,1577.5218,935.50903,9.35509,0.935509,9.3550904E-04,467754.5,4677.545,467.75452,0.4677545,7.609345E-05,8.723156E-03,0.467248,467.248,0.934496,934.496
278,2751.56747,1571.8676,927.31885,9.273189,0.9273188,9.273188E-04,463659.4,4636.594,463.6594,0.4636594,8.478013E-05,9.207613E-03,0.462582,462.582,0.925164,925.164
277,2784.19755,1566.2134,936.90533,9.369053,0.9369053,9.3690533E-04,468452.66,4684.527,468.45267,0.46845266,1.0294071E-04,1.014597E-02,0.469779,469.77902,0.939558,939.55804
276,2729.52491,1560.5592,920.83575,9.208358,0.9208358,9.2083577E-04,460417.9,4604.179,460.4179,0.4604179,1.06459E-04,1.0317897E-02,0.460249,460.249,0.920498,920.498
275,2723.1426,1554.905,918.9575,9.189575,0.91895753,9.189575E-04,459478.78,4594.7876,459.47876,0.45947877,8.9108406E-05,9.4397245E-03,0.457878,457.878,0.915756,915.756
274,2713.477,1549.2508,916.112,9.161119,0.916112,9.16112E-04,458056.0,4580.56,458.056,0.458056,7.632075E-05,8.736175E-03,0.457645,457.645,0.91529,915.29
273,2709.73949,1543.5966,915.01154,9.150115,0.9150115,9.150115E-04,457505.75,4575.0576,457.50577,0.45750576,1.3530758E-04,1.1632179E-02,0.457578,457.578,0.915156,915.156
272,2682.20306,1537.9424,906.89777,9.068977,0.9068978,9.0689777E-04,453448.9,4534.489,453.44888,0.4534489,9.652939E-05,9.824937E-03,0.451692,451.692,0.903384,903.384
271,2668.4938,1532.2882,902.8548,9.028548,0.9028548,9.028548E-04,451427.4,4514.274,451.4274,0.4514274,9.118174E-05,9.548913E-03,0.44834,448.34,0.89668,896.68
270,2655.76664,1526.634,899.09937,8.9909935,0.89909935,8.9909934E-04,449549.7,4495.4966,449.54968,0.44954967,1.0873474E-04,1.0427595E-02,0.448135,448.13498,0.89627,896.26996
269,2630.3395,1520.9798,891.5905,8.915905,0.8915905,8.915905E-04,445795.25,4457.952,445.79523,0.44579524,1.2370726E-04,1.1122377E-02,0.443887,443.887,0.887774,887.774
268,2627.0913,1515.3256,890.6307,8.906306,0.89063066,8.9063065E-04,445315.34,4453.1533,445.31534,0.44531533,1.0808135E-04,1.0396218E-02,0.444424,444.424,0.888848,888.84796
267,2611.98109,1509.6714,886.16406,8.861641,0.88616407,8.861641E-04,443082.03,4430.8203,443.08203,0.44308203,1.4046823E-04,1.1851929E-02,0.44085,440.84998,0.8817,881.69995
266,2589.69544,1504.0172,879.57104,8.795711,0.8795711,8.795711E-04,439785.53,4397.8555,439.78555,0.43978554,9.869769E-05,9.934671E-03,0.438914,438.914,0.877828,877.828
265,2571.94088,1498.363,874.31396,8.74314,0.874314,8.74314E-04,437157.0,4371.57,437.157,0.437157,9.9753255E-05,9.987655E-03,0.435238,435.238,0.870476,870.476
264,2555.91297,1492.7088,869.56464,8.695646,0.86956465,8.6956465E-04,434782.3,4347.823,434.78232,0.43478233,8.282969E-05,9.101082E-03,0.433035,433.03497,0.86607,866.07
263,2575.03479,1487.0546,875.23035,8.752303,0.8752304,8.7523035E-04,437615.2,4376.152,437.61517,0.4376152,1.1082796E-04,1.0527486E-02,0.434619,434.61902,0.869238,869.238
262,2527.9178,1481.4004,861.2612,8.612612,0.8612612,8.612612E-04,430630.6,4306.306,430.63058,0.4306306,1.4650037E-04,1.2103734E-02,0.428932,428.932,0.857864,857.864
261,2505.8444,1475.7462,854.7069,8.54707,0.85470694,8.547069E-04,427353.47,4273.5347,427.3535,0.42735347,1.0773815E-04,1.0379699E-02,0.425121,425.121,0.850242,850.24207
260,2491.35212,1470.092,850.40015,8.504002,0.85040015,8.5040013E-04,425200.06,4252.001,425.20007,0.42520007,7.960247E-05,8.922022E-03,0.422849,422.849,0.845698,845.698
259,2522.0005,1464.4378,859.5048,8.595048,0.8595048,8.595048E-04,429752.4,4297.524,429.7524,0.4297524,1.2972354E-04,1.1389624E-02,0.429038,429.038,0.858076,858.076
258,2470.700,1458.7836,844.258,8.44258,0.844258,8.44258E-04,422129.0,4221.29,422.129,0.422129,1.047081E-04,1.0232697E-02,0.421215,421.215,0.84243,842.43
257,2451.97359,1453.1294,838.68353,8.386835,0.8386835,8.386835E-04,419341.75,4193.4175,419.34174,0.41934174,1.588365E-04,1.2603035E-02,0.416866,416.866,0.833732,833.732
256,2439.25201,1447.4752,834.89386,8.348938,0.8348938,8.3489384E-04,417446.9,4174.469,417.4469,0.4174469,8.267037E-05,9.092324E-03,0.415415,415.41498,0.83083,830.82996
255,2429.34748,1441.821,831.94183,8.319418,0.83194184,8.3194184E-04,415970.9,4159.709,415.97092,0.41597092,8.863901E-05,9.414829E-03,0.413497,413.497,0.826994,826.994
254,2420.2163,1436.1668,829.2191,8.2921915,0.8292191,8.292191E-04,414609.56,4146.0957,414.60956,0.41460955,8.77028E-05,9.3649775E-03,0.412312,412.312,0.824624,824.62396
253,2426.0486,1430.5126,830.9583,8.309583,0.8309583,8.309583E-04,415479.16,4154.7915,415.47916,0.41547915,2.650004E-04,1.6278833E-02,0.410809,410.80902,0.821618,821.61804
252,2363.7456,1424.8584,812.3547,8.123547,0.8123547,8.123547E-04,406177.34,4061.7734,406.17734,0.40617734,9.5970536E-05,9.7964555E-03,0.403585,403.585,0.80717,807.17
251,2391.216,1419.2042,820.564,8.205641,0.82056403,8.2056405E-04,410282.03,4102.8203,410.282,0.41028202,2.4212981E-04,1.5560521E-02,0.406957,406.957,0.813914,813.914
250,2402.08032,1413.55,823.80786,8.238078,0.82380784,8.2380784E-04,411903.9,4119.039,411.90393,0.41190392,1.4988144E-04,1.2242608E-02,0.407596,407.59598,0.815192,815.192
249,2362.1174,1407.8958,811.8678,8.118678,0.81186783,8.118678E-04,405933.9,4059.339,405.93393,0.40593392,1.3770723E-04,1.1734872E-02,0.402452,402.452,0.804904,804.904
248,2368.66806,1402.2416,813.82654,8.138265,0.8138265,8.138265E-04,406913.25,4069.1326,406.91324,0.40691325,3.7529052E-04,1.9372417E-02,0.403217,403.21698,0.806434,806.43396
247,2358.76781,1396.5874,810.86597,8.10866,0.81086594,8.1086595E-04,405432.97,4054.3296,405.43298,0.40543297,9.710628E-05,9.8542515E-03,0.403708,403.708,0.807416,807.416
246,2321.00276,1390.9332,799.55975,7.9955974,0.7995598,7.9955976E-04,399779.88,3997.7988,399.77988,0.3997799,9.596516E-05,9.796181E-03,0.397242,397.242,0.794484,794.4841
245,2313.006,1385.279,797.163,7.9716306,0.79716307,7.9716305E-04,398581.53,3985.8154,398.58154,0.39858153,1.1078226E-04,1.0525315E-02,0.396749,396.749,0.793498,793.4979
244,2306.8493,1379.6248,795.3171,7.953171,0.79531705,7.9531706E-04,397658.53,3976.5852,397.65854,0.39765853,1.1734517E-04,1.08325975E-02,0.395448,395.448,0.790896,790.896
243,2286.73176,1373.9706,789.28156,7.8928156,0.78928155,7.8928156E-04,394640.78,3946.4077,394.64078,0.39464077,9.50681E-05,9.750287E-03,0.393254,393.254,0.786508,786.508
242,2290.37411,1368.3164,790.37476,7.9037476,0.79037476,7.9037476E-04,395187.38,3951.8738,395.18738,0.39518738,1.2710734E-04,1.1274189E-02,0.391858,391.858,0.783716,783.71606
241,2276.2027,1362.6622,786.1203,7.861203,0.7861203,7.861203E-04,393060.16,3930.6016,393.06015,0.39306015,8.34305E-05,9.13403E-03,0.391924,391.92398,0.783848,783.848
240,2274.3850,1357.008,785.5744,7.855744,0.7855744,7.855744E-04,392787.2,3927.8718,392.7872,0.3927872,1.0094155E-04,1.0046967E-02,0.389596,389.59598,0.779192,779.19196
239,2271.30331,1351.3538,784.64874,7.8464875,0.7846488,7.8464876E-04,392324.38,3923.244,392.3244,0.3923244,9.573577E-05,9.784466E-03,0.390873,390.873,0.781746,781.746
238,2260.6051,1345.6996,781.4342,7.814342,0.7814342,7.814342E-04,390717.1,3907.171,390.7171,0.3907171,9.8436736E-05,9.921529E-03,0.388874,388.874,0.777748,777.748
237,2249.63251,1340.0454,778.13544,7.7813544,0.7781354,7.7813544E-04,389067.72,3890.677,389.06772,0.3890677,6.512461E-05,8.069982E-03,0.388203,388.203,0.776406,776.40594
236,2234.22163,1334.3912,773.49927,7.7349925,0.77349925,7.7349925E-04,386749.63,3867.4963,386.74963,0.38674963,9.10357E-05,9.541263E-03,0.386514,386.514,0.773028,773.028
235,2201.3475,1328.737,763.5973,7.635973,0.7635973,7.635973E-04,381798.66,3817.9866,381.79865,0.38179865,6.199181E-05,7.873488E-03,0.380637,380.637,0.761274,761.274
234,2226.596,1323.0828,771.204,7.7120395,0.77120394,7.7120395E-04,385601.97,3856.0198,385.60196,0.38560197,1.3019344E-04,1.1410234E-02,0.384141,384.141,0.768282,768.282
233,2213.39833,1317.4286,767.22906,7.672291,0.7672291,7.6722907E-04,383614.53,3836.1455,383.61453,0.38361454,6.814935E-05,8.255262E-03,0.383089,383.08902,0.766178,766.17804
232,2210.42679,1311.7744,766.33374,7.663337,0.7663337,7.663337E-04,383166.84,3831.6685,383.16684,0.38316685,1.0225727E-04,1.0112233E-02,0.383666,383.66602,0.767332,767.33203
231,2176.577,1306.1202,756.125,7.56125,0.75612503,7.56125E-04,378062.53,3780.6252,378.06253,0.37806252,1.2848021E-04,1.1334911E-02,0.376176,376.176,0.752352,752.352
230,2164.59518,1300.466,752.50726,7.5250726,0.75250727,7.5250724E-04,376253.63,3762.5364,376.25363,0.37625363,1.2693628E-04,1.12666E-02,0.375443,375.44302,0.750886,750.88605
229,2168.36083,1294.8118,753.64453,7.536445,0.7536445,7.536445E-04,376822.25,3768.2227,376.82227,0.37682226,9.488528E-05,9.740908E-03,0.375603,375.603,0.751206,751.20593
228,2172.9116,1289.1576,755.0186,7.550186,0.7550186,7.550186E-04,377509.28,3775.093,377.5093,0.3775093,1.7072851E-04,1.3066312E-02,0.372189,372.189,0.744378,744.378
227,2168.04635,1283.5034,753.54956,7.5354958,0.7535496,7.5354957E-04,376774.78,3767.7478,376.77478,0.3767748,1.6743067E-04,1.2939501E-02,0.374958,374.958,0.749916,749.916
226,2143.5615,1277.8492,746.1507,7.461507,0.7461507,7.461507E-04,373075.34,3730.7534,373.07535,0.37307534,1.7160625E-04,1.3099857E-02,0.373122,373.122,0.746244,746.244
225,2146.5567,1272.195,747.0563,7.470563,0.74705625,7.4705627E-04,373528.13,3735.2813,373.52814,0.37352812,1.2001317E-04,1.0955052E-02,0.371125,371.125,0.74225,742.25
224,2140.0001,1266.5408,745.0737,7.450737,0.74507374,7.450737E-04,372536.88,3725.3687,372.53687,0.37253687,1.5051743E-04,1.2268554E-02,0.370648,370.648,0.741296,741.29596
223,2105.2436,1260.8866,734.5523,7.3455234,0.7345523,7.3455233E-04,367276.16,3672.7617,367.27615,0.36727616,1.386897E-04,1.177666E-02,0.366762,366.76202,0.733524,733.52405
222,2092.702,1255.2324,730.751,7.3075094,0.730751,7.3075097E-04,365375.5,3653.755,365.3755,0.3653755,1.0329203E-04,1.0163269E-02,0.363683,363.68298,0.727366,727.36597
221,2074.5447,1249.5782,725.2427,7.2524266,0.7252427,7.2524266E-04,362621.34,3626.2134,362.62134,0.36262134,1.1716382E-04,1.0824224E-02,0.359279,359.279,0.718558,718.55804
220,2062.81499,1243.924,721.68146,7.2168145,0.7216815,7.2168146E-04,360840.75,3608.4075,360.84073,0.36084074,1.6607411E-04,1.2886974E-02,0.356466,356.466,0.712932,712.93195
219,2043.85574,1238.2698,715.92035,7.1592035,0.7159203,7.1592035E-04,357960.16,3579.6016,357.96017,0.35796016,1.6897205E-04,1.2998925E-02,0.354799,354.799,0.709598,709.598
218,2037.7585,1232.6156,714.0663,7.1406627,0.71406627,7.1406626E-04,357033.13,3570.3313,357.03314,0.35703313,1.5047759E-04,1.226693E-02,0.354195,354.195,0.70839,708.38995
217,2037.8841,1226.9614,714.1045,7.141045,0.71410453,7.141045E-04,357052.28,3570.5227,357.05228,0.35705227,1.7222235E-04,1.3123351E-02,0.355558,355.558,0.711116,711.116
216,2062.9132,1221.3072,721.7113,7.217113,0.72171134,7.217113E-04,360855.66,3608.5566,360.85568,0.36085567,2.22142E-04,1.4904429E-02,0.357788,357.788,0.715576,715.576
215,2150.4357,1215.653,748.2289,7.482289,0.74822885,7.4822886E-04,374114.44,3741.1443,374.1144,0.37411442,1.7800766E-04,1.3341951E-02,0.374481,374.481,0.748962,748.962
214,2057.98458,1209.9988,720.21423,7.2021422,0.7202142,7.202142E-04,360107.1,3601.071,360.1071,0.3601071,2.8785778E-04,1.6966373E-02,0.357643,357.643,0.715286,715.286
213,1976.59046,1204.3446,695.43066,6.9543066,0.6954307,6.954307E-04,347715.34,3477.1536,347.71536,0.34771535,7.6468896E-05,8.74465E-03,0.34649,346.49,0.69298,692.98004
212,2047.6921,1198.6904,717.0866,7.170866,0.7170866,7.170866E-04,358543.3,3585.433,358.5433,0.3585433,1.552402E-04,1.2459543E-02,0.35759,357.59,0.71518,715.17993
211,1960.2225,1193.0362,690.4328,6.904328,0.6904328,6.904328E-04,345216.4,3452.1638,345.2164,0.3452164,6.9438094E-05,8.332952E-03,0.344467,344.467,0.688934,688.934
210,1950.40235,1187.382,687.43195,6.8743196,0.68743193,6.8743195E-04,343715.97,3437.1597,343.71597,0.34371597,1.13901435E-04,1.0672461E-02,0.341988,341.988,0.683976,683.976
209,1950.1990,1181.7278,687.3698,6.8736978,0.68736976,6.873698E-04,343684.88,3436.8489,343.68488,0.34368488,9.6823795E-05,9.839908E-03,0.342532,342.532,0.685064,685.064
208,1941.843,1176.0736,684.815,6.84815,0.684815,6.84815E-04,342407.5,3424.075,342.4075,0.3424075,1.3098851E-04,1.1445021E-02,0.339928,339.928,0.679856,679.856
207,1945.24565,1170.4194,685.85547,6.8585544,0.68585545,6.8585546E-04,342927.72,3429.2773,342.92773,0.34292772,2.4875553E-04,1.5771985E-02,0.337692,337.692,0.675384,675.38403
206,1952.6810,1164.7652,688.1284,6.881284,0.6881284,6.881284E-04,344064.22,3440.642,344.0642,0.3440642,2.6679938E-04,1.6333995E-02,0.340344,340.34402,0.680688,680.688
205,1904.957,1159.111,673.522,6.7352195,0.67352194,6.7352195E-04,336760.97,3367.6096,336.76096,0.33676097,5.6029417E-05,7.4852803E-03,0.33542,335.42,0.67084,670.84
204,1924.3656,1153.4568,679.4672,6.794672,0.6794672,6.794672E-04,339733.6,3397.336,339.7336,0.3397336,1.0301503E-04,1.0149632E-02,0.338688,338.688,0.677376,677.376
203,1901.9724,1147.8026,672.6071,6.726071,0.6726071,6.726071E-04,336303.56,3363.0356,336.30356,0.33630356,1.16610056E-04,1.0798614E-02,0.332576,332.57602,0.665152,665.15204
202,1908.46441,1142.1484,674.59686,6.745969,0.67459685,6.745969E-04,337298.44,3372.9841,337.29843,0.33729842,1.3145643E-04,1.1465445E-02,0.335944,335.944,0.671888,671.888
201,1943.4032,1136.4942,685.2921,6.852921,0.6852921,6.852921E-04,342646.06,3426.4607,342.64606,0.34264606,2.4322039E-04,1.5595525E-02,0.339883,339.883,0.679766,679.766
200,1871.9242,1130.84,663.3872,6.633872,0.6633872,6.633872E-04,331693.6,3316.9358,331.6936,0.3316936,1.4683545E-04,1.21175675E-02,0.327271,327.27103,0.654542,654.542
199,1842.5679,1125.1858,654.3631,6.5436306,0.6543631,6.543631E-04,327181.56,3271.8154,327.18155,0.32718155,1.1042234E-04,1.0508204E-02,0.324377,324.377,0.648754,648.754
198,1865.26539,1119.5316,661.34174,6.6134176,0.6613418,6.6134176E-04,330670.9,3306.709,330.6709,0.3306709,1.2710626E-04,1.1274141E-02,0.331622,331.622,0.663244,663.244
197,1814.64958,1113.8774,645.76556,6.457656,0.64576554,6.4576557E-04,322882.78,3228.8276,322.88278,0.32288277,9.6856864E-05,9.841588E-03,0.320091,320.091,0.640182,640.182
196,1805.9540,1108.2232,643.0846,6.4308457,0.6430846,6.430846E-04,321542.28,3215.4229,321.5423,0.3215423,6.5012464E-05,8.06303E-03,0.319957,319.957,0.639914,639.91394
195,1788.0488,1102.569,637.5595,6.375595,0.63755953,6.375595E-04,318779.78,3187.7976,318.77975,0.31877977,6.76949E-05,8.227691E-03,0.316798,316.798,0.633596,633.59595
194,1780.5127,1096.9148,635.2321,6.352321,0.63523215,6.3523214E-04,317616.06,3176.1606,317.6161,0.31761608,6.156731E-05,7.846484E-03,0.315283,315.283,0.630566,630.566
193,1761.9856,1091.2606,629.5055,6.295055,0.6295055,6.295055E-04,314752.75,3147.5276,314.75275,0.31475276,5.7560257E-05,7.5868475E-03,0.312218,312.21802,0.624436,624.43604
192,1746.408,1085.6064,624.685,6.24685,0.62468505,6.24685E-04,312342.53,3123.4253,312.34253,0.31234252,8.536903E-05,9.239536E-03,0.310118,310.11798,0.620236,620.23596
191,1733.1528,1079.9522,620.5795,6.2057953,0.62057954,6.205795E-04,310289.78,3102.8977,310.28976,0.31028977,3.894495E-05,6.2405886E-03,0.309185,309.185,0.61837,618.37
190,1719.0078,1074.298,616.1942,6.161942,0.6161942,6.161942E-04,308097.1,3080.971,308.0971,0.3080971,7.507147E-05,8.664379E-03,0.307472,307.472,0.614944,614.944
189,1697.52598,1068.6438,609.52625,6.0952625,0.6095262,6.0952624E-04,304763.1,3047.631,304.76312,0.3047631,9.496857E-05,9.745182E-03,0.301551,301.55103,0.603102,603.10205
188,1703.8415,1062.9896,611.4876,6.114876,0.6114876,6.114876E-04,305743.8,3057.4382,305.7438,0.3057438,5.670937E-05,7.5305626E-03,0.303935,303.935,0.60787,607.87
187,1691.8191,1057.3354,607.7532,6.077532,0.60775316,6.077532E-04,303876.6,3038.7659,303.8766,0.30387658,4.565489E-05,6.7568403E-03,0.302327,302.327,0.604654,604.654
186,1677.5231,1051.6812,603.3085,6.033085,0.6033085,6.033085E-04,301654.25,3016.5425,301.65424,0.30165425,8.668558E-05,9.310509E-03,0.300593,300.593,0.601186,601.186
185,1668.8225,1046.027,600.6013,6.006013,0.6006013,6.006013E-04,300300.66,3003.0066,300.30066,0.30030066,9.297453E-05,9.64233E-03,0.298758,298.758,0.597516,597.516
184,1654.27520,1040.3728,596.07117,5.960712,0.5960712,5.960712E-04,298035.6,2980.356,298.03558,0.2980356,1.088984E-04,1.043544E-02,0.298417,298.417,0.596834,596.834
183,1653.106,1034.7186,595.707,5.95707,0.595707,5.95707E-04,297853.5,2978.535,297.8535,0.2978535,9.6009084E-05,9.798422E-03,0.294644,294.644,0.589288,589.288
182,1654.2021,1029.0644,596.0484,5.9604845,0.5960484,5.960484E-04,298024.22,2980.2422,298.0242,0.2980242,1.2337588E-04,1.110747E-02,0.296303,296.303,0.592606,592.606
181,1638.54023,1023.4102,591.16595,5.9116597,0.59116596,5.9116597E-04,295582.97,2955.8298,295.58298,0.29558298,6.191558E-05,7.868646E-03,0.295102,295.102,0.590204,590.20404
180,1618.7225,1017.756,584.9801,5.849801,0.58498013,5.849801E-04,292490.06,2924.9006,292.49005,0.29249007,7.160321E-05,8.461867E-03,0.290756,290.75598,0.581512,581.512
179,1608.7856,1012.1018,581.8751,5.818751,0.5818751,5.818751E-04,290937.53,2909.3755,290.93753,0.29093754,7.141502E-05,8.450741E-03,0.288336,288.336,0.576672,576.67206
178,1604.38191,1006.4476,580.49835,5.8049836,0.58049834,5.8049837E-04,290249.16,2902.4917,290.24918,0.29024917,7.931051E-05,8.9056445E-03,0.289812,289.812,0.579624,579.62396
177,1623.4467,1000.7934,586.4555,5.8645554,0.5864555,5.864555E-04,293227.75,2932.2776,293.22775,0.29322776,1.0254788E-04,1.0126593E-02,0.291326,291.326,0.582652,582.652
176,1603.0239,995.1392,580.0737,5.8007374,0.5800737,5.8007374E-04,290036.84,2900.3687,290.03687,0.29003686,6.157723E-05,7.847116E-03,0.289288,289.28802,0.578576,578.576
175,1578.0090,989.485,572.2439,5.722439,0.57224387,5.722439E-04,286121.94,2861.2192,286.12195,0.28612193,8.224951E-05,9.069152E-03,0.284797,284.79703,0.569594,569.59406
174,1565.94963,983.8308,568.46405,5.6846404,0.56846404,5.6846405E-04,284232.03,2842.3203,284.23203,0.28423202,7.200971E-05,8.485854E-03,0.283987,283.987,0.567974,567.974
173,1551.7463,978.1766,564.0078,5.640078,0.56400776,5.640078E-04,282003.88,2820.0388,282.00388,0.28200388,8.798823E-05,9.380204E-03,0.282074,282.074,0.564148,564.148
172,1560.7186,972.5224,566.8234,5.668234,0.5668234,5.668234E-04,283411.72,2834.1172,283.4117,0.2834117,7.640311E-05,8.740887E-03,0.281738,281.738,0.563476,563.476
171,1523.8833,966.8682,555.2519,5.552519,0.5552519,5.552519E-04,277625.94,2776.2595,277.62595,0.27762595,6.829834E-05,8.264281E-03,0.276289,276.289,0.552578,552.57794
170,1507.9128,961.214,550.2247,5.502247,0.55022466,5.502247E-04,275112.34,2751.1233,275.11234,0.27511233,9.491119E-05,9.742238E-03,0.274325,274.325,0.54865,548.65
169,1506.0728,955.5598,549.6451,5.496451,0.5496451,5.496451E-04,274822.56,2748.2256,274.82257,0.27482256,7.4254145E-05,8.6170845E-03,0.274687,274.68698,0.549374,549.37396
168,1487.48439,949.9056,543.78503,5.4378505,0.54378504,5.4378505E-04,271892.53,2718.9253,271.89252,0.27189252,6.569328E-05,8.105139E-03,0.271633,271.633,0.543266,543.266
167,1496.2589,944.2514,546.5523,5.465523,0.5465523,5.465523E-04,273276.16,2732.7615,273.27615,0.27327615,6.468641E-05,8.042786E-03,0.271513,271.513,0.543026,543.02594
166,1478.06352,938.5972,540.81177,5.4081173,0.5408117,5.4081174E-04,270405.84,2704.0586,270.40585,0.27040586,5.6710076E-05,7.530609E-03,0.270187,270.18698,0.540374,540.37396
165,1451.022,932.943,532.265,5.32265,0.532265,5.32265E-04,266132.5,2661.325,266.1325,0.2661325,6.531108E-05,8.0815265E-03,0.266311,266.311,0.532622,532.622
164,1468.3769,927.2888,537.7523,5.3775234,0.53775233,5.3775235E-04,268876.16,2688.7617,268.87616,0.26887617,1.3844871E-04,1.17664235E-02,0.267893,267.89297,0.535786,535.78595
163,1462.5581,921.6346,535.9133,5.3591332,0.53591335,5.3591334E-04,267956.7,2679.5667,267.95667,0.26795667,6.7014014E-05,8.186209E-03,0.268205,268.205,0.53641,536.41
162,1458.9359,915.9804,534.7681,5.347681,0.5347681,5.347681E-04,267384.06,2673.8406,267.38406,0.26738405,6.69643E-05,8.183172E-03,0.266093,266.093,0.532186,532.186
161,1429.99680,910.3262,525.60645,5.2560644,0.52560645,5.2560645E-04,262803.22,2628.0322,262.80322,0.26280323,7.249127E-05,8.514181E-03,0.263,263.0,0.526,526.00006
160,1420.7773,904.672,522.6831,5.226831,0.5226831,5.226831E-04,261341.55,2613.4155,261.34155,0.26134154,4.6054676E-05,6.7863595E-03,0.2608,260.80002,0.5216,521.60004
159,1411.91583,899.0178,519.87115,5.1987114,0.5198711,5.1987113E-04,259935.56,2599.3555,259.93555,0.25993556,7.25335E-05,8.51666E-03,0.258099,258.099,0.516198,516.198
158,1408.5209,893.3636,518.7933,5.187933,0.5187933,5.187933E-04,259396.64,2593.9663,259.39664,0.25939664,8.2281986E-05,9.070942E-03,0.259403,259.40298,0.518806,518.80597
157,1412.7174,887.7094,520.1256,5.2012563,0.5201256,5.201256E-04,260062.81,2600.6282,260.0628,0.2600628,7.216852E-05,8.495206E-03,0.259445,259.445,0.51889,518.89
156,1383.93441,882.0552,510.97815,5.1097817,0.51097816,5.1097816E-04,255489.08,2554.8909,255.48907,0.25548908,7.7395765E-05,8.797486E-03,0.25507,255.07,0.51014,510.13998
155,1367.6276,876.401,505.7857,5.057857,0.5057857,5.057857E-04,252892.86,2528.9285,252.89285,0.25289285,6.070663E-05,7.791446E-03,0.253046,253.046,0.506092,506.09204
154,1360.73104,870.7468,503.58746,5.035875,0.5035875,5.035875E-04,251793.73,2517.9375,251.79375,0.25179374,5.9593975E-05,7.7197133E-03,0.250452,250.45201,0.500904,500.90405
153,1343.08881,865.0926,497.95804,4.9795804,0.49795803,4.9795804E-04,248979.03,2489.7903,248.97903,0.24897903,6.7118875E-05,8.192611E-03,0.248414,248.414,0.496828,496.828
152,1377.3836,859.4384,508.8931,5.088931,0.50889313,5.088931E-04,254446.56,2544.4656,254.44656,0.25444657,5.6711444E-05,7.5307E-03,0.253442,253.44199,0.506884,506.88394
151,1348.26103,853.7842,499.60934,4.9960933,0.49960932,4.9960933E-04,249804.66,2498.0466,249.80466,0.24980466,5.4723427E-05,7.3975283E-03,0.248353,248.353,0.496706,496.706
150,1321.07455,848.13,490.92114,4.9092116,0.49092114,4.9092114E-04,245460.58,2454.606,245.46059,0.24546058,8.3064995E-05,9.114E-03,0.243646,243.646,0.487292,487.292
149,1314.44786,842.4758,488.80017,4.888002,0.48880017,4.888002E-04,244400.1,2444.001,244.4001,0.2444001,7.486191E-05,8.652278E-03,0.245054,245.054,0.49010804,490.10803
148,1308.5107,836.8216,486.8988,4.868988,0.4868988,4.8689882E-04,243449.4,2434.4941,243.4494,0.2434494,3.6063186E-05,6.005263E-03,0.244017,244.017,0.488034,488.03403
147,1276.14248,831.1674,476.51462,4.7651463,0.47651464,4.7651463E-04,238257.31,2382.5732,238.25732,0.23825732,8.284927E-05,9.102157E-03,0.23636,236.36,0.47272,472.71997
146,1286.82494,825.5132,479.94516,4.7994514,0.47994515,4.7994516E-04,239972.58,2399.7258,239.97258,0.23997258,5.9754275E-05,7.730089E-03,0.23876,238.76,0.47752,477.52
145,1277.43391,819.859,476.92953,4.769295,0.47692955,4.7692953E-04,238464.77,2384.6477,238.46477,0.23846477,7.6775956E-05,8.762189E-03,0.236366,236.366,0.472732,472.732
144,1263.3135,814.2048,472.3902,4.723902,0.4723902,4.723902E-04,236195.11,2361.951,236.1951,0.2361951,7.137741E-05,8.448515E-03,0.234117,234.117,0.468234,468.234
143,1243.75068,808.5506,466.09116,4.6609116,0.46609116,4.6609115E-04,233045.58,2330.4558,233.04558,0.23304558,5.287249E-05,7.271347E-03,0.230524,230.524,0.461048,461.048
142,1230.70181,802.8964,461.88293,4.6188293,0.46188295,4.6188294E-04,230941.47,2309.4148,230.94147,0.23094147,5.0453385E-05,7.103055E-03,0.230814,230.814,0.461628,461.628
141,1226.3110,797.2422,460.4657,4.604657,0.4604657,4.604657E-04,230232.84,2302.3286,230.23285,0.23023285,7.4608964E-05,8.637648E-03,0.227618,227.618,0.455236,455.23596
140,1230.71866,791.588,461.88837,4.6188836,0.46188834,4.6188835E-04,230944.17,2309.4417,230.94417,0.23094417,1.13895345E-04,1.0672176E-02,0.229167,229.16699,0.458334,458.33398
139,1198.4130,785.9338,451.4466,4.514466,0.4514466,4.514466E-04,225723.3,2257.233,225.7233,0.2257233,5.9418035E-05,7.7083097E-03,0.223718,223.718,0.447436,447.436
138,1199.82371,780.2796,451.90326,4.5190325,0.45190325,4.5190327E-04,225951.63,2259.5164,225.95163,0.22595163,5.0488274E-05,7.10551E-03,0.225325,225.325,0.45065,450.65
137,1179.79848,774.6254,445.41464,4.4541464,0.44541466,4.4541465E-04,222707.33,2227.0732,222.70734,0.22270733,4.814527E-05,6.938679E-03,0.221417,221.41699,0.442834,442.83398
136,1156.28000,768.9712,437.77707,4.377771,0.43777707,4.3777708E-04,218888.53,2188.8853,218.88853,0.21888854,5.0237213E-05,7.0878216E-03,0.21676,216.76,0.43352,433.52
135,1165.69825,763.317,440.83786,4.4083786,0.44083786,4.4083787E-04,220418.94,2204.1892,220.41893,0.22041893,5.7180776E-05,7.5617973E-03,0.218729,218.729,0.437458,437.458
134,1146.6158,757.6628,434.6332,4.346332,0.4346332,4.346332E-04,217316.6,2173.166,217.3166,0.2173166,5.950197E-05,7.713752E-03,0.215457,215.457,0.430914,430.91403
133,1121.30953,752.0086,426.38547,4.2638545,0.42638546,4.2638546E-04,213192.73,2131.9272,213.19273,0.21319273,4.8054746E-05,6.932153E-03,0.211557,211.557,0.423114,423.11398
132,1154.1668,746.3544,437.0899,4.370899,0.43708992,4.370899E-04,218544.95,2185.4497,218.54495,0.21854496,3.819693E-04,1.9544035E-02,0.211299,211.299,0.422598,422.59802
131,1243.39142,740.7002,465.97537,4.659754,0.46597537,4.6597538E-04,232987.69,2329.877,232.98769,0.23298769,6.1015395E-04,2.4701294E-02,0.223537,223.537,0.447074,447.074
130,1126.31443,735.046,428.01843,4.2801843,0.42801842,4.2801842E-04,214009.2,2140.092,214.00922,0.21400921,7.085156E-05,8.417337E-03,0.21318,213.18001,0.42636,426.36
129,1102.8994,729.3918,420.3711,4.203711,0.4203711,4.203711E-04,210185.55,2101.8555,210.18555,0.21018554,5.93968E-05,7.706932E-03,0.209279,209.279,0.418558,418.55798
128,1082.29502,723.7376,413.62534,4.1362534,0.41362533,4.1362533E-04,206812.67,2068.1267,206.81267,0.20681266,4.823198E-05,6.944925E-03,0.204361,204.36101,0.408722,408.72202
127,1067.7428,718.0834,408.8516,4.088516,0.4088516,4.088516E-04,204425.8,2044.2579,204.4258,0.2044258,5.322396E-05,7.2954753E-03,0.202679,202.679,0.405358,405.35797
126,1063.14612,712.4292,407.34204,4.0734205,0.40734205,4.0734204E-04,203671.02,2036.7102,203.67102,0.20367102,6.0679242E-05,7.789688E-03,0.202053,202.053,0.404106,404.106
125,1052.6883,706.775,403.9047,4.0390472,0.4039047,4.039047E-04,201952.36,2019.5236,201.95235,0.20195235,4.7002333E-05,6.855825E-03,0.199991,199.991,0.399982,399.982
124,1052.47327,701.1208,403.83398,4.0383396,0.403834,4.0383398E-04,201917.0,2019.1699,201.91699,0.201917,5.634331E-05,7.5062183E-03,0.200826,200.826,0.401652,401.652
123,1035.32008,695.4666,398.18674,3.9818673,0.39818674,3.9818673E-04,199093.38,1990.9337,199.09337,0.19909337,7.278873E-05,8.531631E-03,0.198938,198.938,0.397876,397.876
122,1015.62126,689.8124,391.68723,3.9168723,0.39168724,3.9168724E-04,195843.63,1958.4363,195.84363,0.19584362,6.934902E-05,8.327606E-03,0.196181,196.181,0.392362,392.362
121,1015.3097,684.1582,391.5843,3.915843,0.3915843,3.915843E-04,195792.16,1957.9215,195.79216,0.19579215,7.0369475E-05,8.388652E-03,0.1959,195.9,0.3918,391.8
120,1005.02619,678.504,388.18506,3.8818505,0.38818505,3.8818506E-04,194092.53,1940.9253,194.09253,0.19409253,7.1125585E-05,8.433599E-03,0.192517,192.517,0.385034,385.034
119,992.32774,672.8498,383.98163,3.839816,0.38398162,3.8398162E-04,191990.81,1919.9081,191.99081,0.19199081,6.136584E-05,7.833635E-03,0.189753,189.75299,0.379506,379.506
118,977.97632,667.1956,379.22305,3.7922306,0.37922305,3.7922306E-04,189611.53,1896.1152,189.61153,0.18961152,3.2555345E-05,5.705729E-03,0.188248,188.248,0.376496,376.496
117,981.18364,661.5414,380.28726,3.8028727,0.38028726,3.8028727E-04,190143.63,1901.4363,190.14363,0.19014363,8.264942E-05,9.091172E-03,0.18859,188.59001,0.37718,377.18
116,974.5798,655.8872,378.0956,3.780956,0.3780956,3.780956E-04,189047.8,1890.478,189.0478,0.1890478,5.7837344E-05,7.6050865E-03,0.187582,187.582,0.375164,375.164
115,972.443,650.233,377.386,3.77386,0.377386,3.77386E-04,188693.0,1886.93,188.69301,0.188693,4.1951866E-05,6.477026E-03,0.187022,187.022,0.374044,374.044
114,954.87420,644.5788,371.54477,3.7154477,0.37154478,3.7154477E-04,185772.39,1857.7239,185.77238,0.18577239,6.9319976E-05,8.325862E-03,0.184592,184.592,0.369184,369.184
113,936.1054,638.9246,365.2898,3.652898,0.3652898,3.652898E-04,182644.9,1826.4491,182.6449,0.1826449,5.1821306E-05,7.1987016E-03,0.181415,181.41501,0.36283,362.83002
112,933.44838,633.2704,364.40308,3.6440306,0.36440307,3.6440307E-04,182201.53,1822.0154,182.20154,0.18220153,5.2398296E-05,7.2386665E-03,0.180282,180.282,0.360564,360.56396
111,916.409,627.6162,358.709,3.5870903,0.358709,3.5870902E-04,179354.5,1793.545,179.3545,0.1793545,4.2717205E-05,6.53584E-03,0.178288,178.288,0.356576,356.576
110,911.5107,621.962,357.0697,3.570697,0.3570697,3.5706972E-04,178534.84,1785.3485,178.53485,0.17853485,4.195347E-05,6.4771497E-03,0.177315,177.315,0.35463,354.63
109,900.86622,616.3078,353.50354,3.5350354,0.35350353,3.5350354E-04,176751.77,1767.5176,176.75177,0.17675176,6.9489884E-05,8.33606E-03,0.175899,175.899,0.351798,351.798
108,908.82400,610.6536,356.17007,3.5617008,0.3561701,3.561701E-04,178085.05,1780.8505,178.08504,0.17808504,9.54227E-05,9.768454E-03,0.176585,176.585,0.35317,353.17
107,879.06052,604.9994,346.18167,3.4618168,0.3461817,3.4618168E-04,173090.84,1730.9084,173.09085,0.17309085,5.0457937E-05,7.103375E-03,0.172077,172.077,0.344154,344.154
106,866.5494,599.3452,341.9705,3.419705,0.3419705,3.419705E-04,170985.25,1709.8525,170.98524,0.17098525,4.3678338E-05,6.608959E-03,0.170399,170.399,0.340798,340.798
105,877.00931,593.691,345.49176,3.4549174,0.34549174,3.4549175E-04,172745.88,1727.4587,172.74586,0.17274587,5.6081604E-05,7.4887653E-03,0.170669,170.669,0.341338,341.338
104,857.1970,588.0368,338.8176,3.388176,0.3388176,3.388176E-04,169408.8,1694.088,169.4088,0.1694088,6.0784183E-05,7.796421E-03,0.169101,169.101,0.338202,338.202
103,856.16895,582.3826,338.47076,3.3847077,0.33847076,3.3847077E-04,169235.38,1692.3538,169.23538,0.16923538,5.3762054E-05,7.332261E-03,0.16821,168.21,0.33642,336.41998
102,840.8388,576.7284,333.2925,3.3329253,0.3332925,3.3329253E-04,166646.25,1666.4625,166.64626,0.16664626,4.3844284E-05,6.6215014E-03,0.165245,165.245,0.33049,330.49
101,838.95402,571.0742,332.65503,3.3265502,0.33265504,3.3265504E-04,166327.52,1663.2753,166.32751,0.16632752,5.137853E-05,7.167882E-03,0.165797,165.797,0.331594,331.594
100,826.52571,565.42,328.44708,3.2844708,0.32844707,3.284471E-04,164223.53,1642.2354,164.22354,0.16422354,5.917434E-05,7.692486E-03,0.163309,163.30899,0.326618,326.618
99,829.26562,559.7658,329.37543,3.2937543,0.32937545,3.2937544E-04,164687.72,1646.8772,164.68773,0.16468772,5.374837E-05,7.331328E-03,0.164328,164.32799,0.328656,328.656
98,812.6177,554.1116,323.7287,3.2372868,0.32372868,3.237287E-04,161864.34,1618.6434,161.86433,0.16186434,5.4018346E-05,7.3497174E-03,0.162242,162.24199,0.324484,324.48398
97,798.86031,548.4574,319.05142,3.190514,0.3190514,3.190514E-04,159525.7,1595.2571,159.52571,0.1595257,6.229019E-05,7.892414E-03,0.16001,160.01,0.32002,320.02
96,806.8803,542.8032,321.7793,3.2177927,0.32177928,3.2177928E-04,160889.64,1608.8964,160.88963,0.16088964,5.1626095E-05,7.18513E-03,0.161027,161.027,0.322054,322.054
95,800.46545,537.149,319.59766,3.1959765,0.31959766,3.1959766E-04,159798.83,1597.9883,159.79883,0.15979883,5.1978834E-05,7.209635E-03,0.159782,159.78201,0.319564,319.56403
94,789.28754,531.4948,315.79086,3.1579084,0.31579086,3.1579085E-04,157895.44,1578.9543,157.89543,0.15789543,4.2818945E-05,6.5436186E-03,0.158351,158.351,0.316702,316.702
93,787.13188,525.8406,315.05594,3.1505594,0.31505594,3.1505595E-04,157527.97,1575.2797,157.52797,0.15752797,4.515937E-05,6.720072E-03,0.156819,156.819,0.313638,313.638
92,781.80193,520.1864,313.23773,3.1323771,0.31323773,3.1323772E-04,156618.86,1566.1886,156.61887,0.15661886,4.0262217E-05,6.3452516E-03,0.156567,156.567,0.313134,313.13403
91,766.2620,514.5322,307.9276,3.079276,0.3079276,3.079276E-04,153963.8,1539.6381,153.9638,0.1539638,4.5109784E-05,6.7163818E-03,0.155108,155.108,0.310216,310.216
90,757.34646,508.878,304.87494,3.0487494,0.30487493,3.0487493E-04,152437.47,1524.3746,152.43747,0.15243746,3.655994E-05,6.046482E-03,0.153238,153.23799,0.306476,306.47598
89,754.82233,503.2238,304.00986,3.0400984,0.30400985,3.0400985E-04,152004.92,1520.0493,152.00493,0.15200493,4.5395973E-05,6.737653E-03,0.152032,152.032,0.304064,304.06403
88,740.63731,497.5696,299.14145,2.9914145,0.29914144,2.9914145E-04,149570.72,1495.7072,149.57072,0.14957072,5.4417924E-05,7.3768506E-03,0.148362,148.362,0.296724,296.724
87,724.3518,491.9154,293.5375,2.935375,0.2935375,2.935375E-04,146768.75,1467.6875,146.76875,0.14676875,4.4988195E-05,6.707324E-03,0.147332,147.332,0.294664,294.664
86,720.12737,486.2612,292.08124,2.9208124,0.29208124,2.9208124E-04,146040.63,1460.4061,146.04062,0.14604062,4.469617E-05,6.6855196E-03,0.145848,145.848,0.291696,291.696
85,700.70030,480.607,285.37015,2.8537016,0.28537017,2.8537016E-04,142685.08,1426.8508,142.68509,0.14268509,5.09537E-05,7.138186E-03,0.14334,143.34001,0.28668,286.68
84,689.53319,474.9528,281.50174,2.8150175,0.28150174,2.8150174E-04,140750.88,1407.5087,140.75087,0.14075087,3.9418745E-05,6.278435E-03,0.140701,140.70099,0.281402,281.402
83,676.86805,469.2986,277.10468,2.7710466,0.27710468,2.7710467E-04,138552.34,1385.5234,138.55234,0.13855234,3.343702E-05,5.782475E-03,0.138895,138.895,0.27779,277.79
82,669.4526,463.6444,274.5253,2.7452528,0.27452528,2.745253E-04,137262.64,1372.6265,137.26265,0.13726264,3.9410726E-05,6.2777963E-03,0.137055,137.055,0.27411,274.11002
81,664.42553,457.9902,272.77463,2.7277462,0.27277464,2.7277463E-04,136387.31,1363.8732,136.38731,0.13638732,3.9245802E-05,6.264647E-03,0.136957,136.957,0.273914,273.91403
80,652.1283,452.336,268.4849,2.684849,0.2684849,2.684849E-04,134242.44,1342.4244,134.24245,0.13424245,4.0710445E-05,6.3804737E-03,0.1324,132.40001,0.2648,264.80002
79,654.90392,446.6818,269.45404,2.6945403,0.26945403,2.6945403E-04,134727.02,1347.2701,134.72702,0.13472702,4.9127517E-05,7.0091025E-03,0.134001,134.001,0.268002,268.002
78,640.51320,441.0276,264.42355,2.6442356,0.26442355,2.6442355E-04,132211.78,1322.1178,132.21178,0.13221177,3.9946714E-05,6.320341E-03,0.133162,133.162,0.266324,266.324
77,619.90445,435.3734,257.19394,2.5719392,0.25719392,2.5719393E-04,128596.96,1285.9696,128.59695,0.12859696,5.0444498E-05,7.102429E-03,0.127881,127.881004,0.255762,255.76202
76,609.52930,429.7192,253.54259,2.535426,0.2535426,2.535426E-04,126771.305,1267.713,126.7713,0.1267713,4.0815863E-05,6.3887294E-03,0.126613,126.61301,0.253226,253.22603
75,598.68522,424.065,249.71759,2.497176,0.2497176,2.497176E-04,124858.79,1248.5879,124.85879,0.12485879,2.5957363E-05,5.094837E-03,0.124443,124.443,0.248886,248.886
74,591.06999,418.4108,247.02612,2.4702613,0.24702613,2.4702612E-04,123513.055,1235.1306,123.51306,0.12351306,5.1821626E-05,7.198724E-03,0.12029,120.29,0.24058,240.58
73,563.50366,412.7566,237.24501,2.37245,0.23724501,2.3724501E-04,118622.51,1186.2251,118.622505,0.118622504,3.3682747E-05,5.803684E-03,0.116944,116.944,0.233888,233.888
72,557.45826,407.1024,235.09172,2.350917,0.23509172,2.3509172E-04,117545.86,1175.4586,117.54586,0.11754586,2.7138296E-05,5.209443E-03,0.114899,114.899,0.229798,229.798
71,560.74983,401.4482,236.26451,2.3626451,0.23626451,2.3626452E-04,118132.26,1181.3225,118.132256,0.118132256,2.7405038E-05,5.2349824E-03,0.117407,117.407005,0.234814,234.814
70,548.4836,395.794,231.8894,2.3188941,0.23188941,2.3188941E-04,115944.7,1159.447,115.9447,0.115944706,3.2992924E-05,5.743947E-03,0.115443,115.443,0.230886,230.886
69,546.52771,390.1398,231.19061,2.311906,0.2311906,2.3119061E-04,115595.305,1155.953,115.59531,0.1155953,3.116264E-05,5.582351E-03,0.11541,115.41,0.23082,230.82
68,530.06157,384.4856,225.29443,2.2529445,0.22529444,2.2529444E-04,112647.22,1126.4722,112.64722,0.11264722,3.5276644E-05,5.9394143E-03,0.110189,110.188995,0.220378,220.378
67,530.11687,378.8314,225.31427,2.2531428,0.22531427,2.2531427E-04,112657.14,1126.5714,112.657135,0.11265714,2.9155955E-05,5.3996253E-03,0.111478,111.478004,0.222956,222.95601
66,513.35794,373.1772,219.28853,2.1928854,0.21928853,2.1928853E-04,109644.266,1096.4426,109.644264,0.109644264,2.4518871E-05,4.9516535E-03,0.108634,108.634,0.217268,217.268
65,496.5657,367.523,213.2247,2.132247,0.21322471,2.132247E-04,106612.35,1066.1235,106.61236,0.106612355,1.8381137E-05,4.287323E-03,0.105189,105.189,0.210378,210.378
64,487.72297,361.8688,210.02065,2.1002064,0.21002065,2.1002065E-04,105010.32,1050.1033,105.01032,0.10501032,2.5758105E-05,5.0752442E-03,0.103347,103.347,0.206694,206.694
63,475.35846,356.2146,205.52753,2.0552752,0.20552753,2.0552753E-04,102763.766,1027.6377,102.76376,0.102763765,3.0156245E-05,5.49147E-03,0.100904,100.904,0.201808,201.80801
62,475.55447,350.5604,205.59888,2.0559888,0.20559888,2.0559887E-04,102799.44,1027.9944,102.79944,0.10279944,4.0540363E-05,6.3671316E-03,0.101915,101.915,0.20383,203.83
61,462.68830,344.9062,200.90717,2.0090716,0.20090716,2.0090716E-04,100453.58,1004.53577,100.453575,0.10045358,2.5309077E-05,5.0308127E-03,9.8761E-02,98.761,0.197522,197.52199
60,453.0483,339.252,197.3805,1.973805,0.19738048,1.9738049E-04,98690.24,986.9024,98.69024,9.869024E-02,2.4944298E-05,4.994427E-03,9.7253E-02,97.253006,0.194506,194.50601
59,448.43396,333.5978,195.68886,1.9568886,0.19568886,1.9568886E-04,97844.43,978.4443,97.84443,9.784443E-02,2.0235217E-05,4.498357E-03,9.6003E-02,96.003006,0.192006,192.006
58,430.20430,327.9436,188.98267,1.8898267,0.18898267,1.8898267E-04,94491.336,944.9133,94.49133,9.449133E-02,4.1624724E-05,6.4517227E-03,9.3978E-02,93.978004,0.187956,187.956
57,424.58023,322.2894,186.90608,1.8690608,0.18690608,1.8690608E-04,93453.04,934.5304,93.45304,9.345304E-02,3.8018574E-05,6.1659203E-03,9.3237E-02,93.237,0.186474,186.47398
56,412.51440,316.6352,182.43839,1.8243839,0.18243837,1.8243838E-04,91219.19,912.1919,91.219185,9.121919E-02,5.9814258E-05,7.7339676E-03,9.2697E-02,92.697,0.185394,185.394
55,415.06231,310.981,183.38327,1.8338326,0.18338327,1.8338326E-04,91691.63,916.9164,91.691635,9.1691636E-02,9.710761E-05,9.8543195E-03,9.1916E-02,91.916,0.183832,183.832
54,406.69996,305.3268,180.27916,1.8027915,0.18027915,1.8027915E-04,90139.58,901.39575,90.13957,9.0139575E-02,6.518022E-05,8.073427E-03,8.9097E-02,89.097,0.178194,178.19402
53,405.54949,299.6726,179.85143,1.7985142,0.17985143,1.7985143E-04,89925.71,899.25714,89.92571,8.9925714E-02,2.1048656E-05,4.5878813E-03,8.9347E-02,89.347,0.178694,178.694
52,396.05760,294.0184,176.31616,1.7631615,0.17631616,1.7631616E-04,88158.08,881.5808,88.15808,8.815808E-02,4.1052594E-05,6.4072297E-03,8.6737E-02,86.737,0.173474,173.474
51,394.40734,288.3642,175.70035,1.7570034,0.17570035,1.7570035E-04,87850.18,878.5018,87.850174,8.7850176E-02,1.275263E-05,3.5710824E-03,8.7113E-02,87.113,0.174226,174.22601
50,397.01387,282.71,176.67284,1.7667284,0.17667283,1.7667284E-04,88336.414,883.36414,88.33642,8.8336416E-02,4.4476063E-05,6.6690375E-03,8.867E-02,88.67,0.17734,177.34
49,388.57936,277.0558,173.52278,1.7352278,0.17352279,1.7352279E-04,86761.39,867.61395,86.76139,8.676139E-02,6.044952E-05,7.774929E-03,8.3069E-02,83.069,0.166138,166.138
48,376.6332,271.4016,169.0452,1.6904519,0.1690452,1.6904519E-04,84522.59,845.22595,84.5226,8.45226E-02,4.8016034E-05,6.9293603E-03,8.2889E-02,82.889,0.165778,165.778
47,370.45712,265.7474,166.72276,1.6672276,0.16672276,1.6672276E-04,83361.38,833.6138,83.36138,8.336138E-02,2.1742791E-05,4.6629165E-03,8.2683E-02,82.683,0.165366,165.366
46,359.85482,260.0932,162.72346,1.6272346,0.16272347,1.6272346E-04,81361.734,813.6173,81.36173,8.136173E-02,3.1906628E-05,5.6485953E-03,8.0453E-02,80.453,0.160906,160.90599
45,390.35854,254.439,174.18802,1.7418803,0.17418803,1.7418803E-04,87094.016,870.9402,87.09402,8.709402E-02,2.2984606E-04,1.5160675E-02,8.3785E-02,83.784996,0.16757,167.56999
44,338.49345,248.7848,154.61588,1.5461588,0.15461588,1.5461587E-04,77307.94,773.0794,77.30794,7.730794E-02,3.3295462E-05,5.770222E-03,7.7371E-02,77.371,0.154742,154.74199
43,333.08414,243.1306,152.55176,1.5255176,0.15255176,1.5255176E-04,76275.875,762.7588,76.27588,7.627588E-02,2.068134E-05,4.547674E-03,7.5808E-02,75.80801,0.151616,151.61601
42,331.55892,237.4764,151.96892,1.5196892,0.15196893,1.5196892E-04,75984.46,759.8446,75.98447,7.598446E-02,4.1641506E-05,6.453023E-03,7.4541E-02,74.541,0.149082,149.082
41,331.21402,231.8222,151.83707,1.5183707,0.15183707,1.5183707E-04,75918.53,759.1853,75.91853,7.591853E-02,2.5789119E-05,5.078299E-03,7.4922E-02,74.922005,0.149844,149.84401
40,314.99352,226.168,145.61433,1.4561434,0.14561434,1.4561434E-04,72807.17,728.0717,72.80717,7.280717E-02,3.95011E-05,6.2849903E-03,7.3112E-02,73.11201,0.146224,146.224
39,454.10744,220.5138,197.76846,1.9776846,0.19776846,1.9776846E-04,98884.234,988.84235,98.88423,9.888423E-02,3.9172065E-04,1.9791935E-02,9.9729E-02,99.729004,0.199458,199.45801
38,338.2828,214.8596,154.5356,1.545356,0.1545356,1.545356E-04,77267.805,772.67804,77.26781,7.72678E-02,1.7979185E-04,1.3408649E-02,7.1953E-02,71.952995,0.143906,143.906
37,295.08447,209.2054,137.91498,1.3791498,0.13791497,1.3791498E-04,68957.484,689.5748,68.95749,6.8957485E-02,5.4861666E-05,7.406866E-03,6.7731E-02,67.731,0.135462,135.462
36,276.07802,203.5512,130.49641,1.3049641,0.13049641,1.3049641E-04,65248.207,652.48206,65.24821,6.5248206E-02,1.818515E-05,4.264405E-03,6.538E-02,65.38,0.13076,130.76001
35,275.13089,197.897,130.12488,1.3012489,0.13012488,1.3012488E-04,65062.44,650.6244,65.06244,6.506244E-02,3.6480124E-05,6.039878E-03,6.5159E-02,65.159004,0.130318,130.31801
34,262.89492,192.2428,125.30855,1.2530855,0.12530854,1.2530855E-04,62654.273,626.5427,62.65427,6.265427E-02,3.7211506E-05,6.1001233E-03,6.255E-02,62.55,0.1251,125.100006
33,269.71345,186.5886,127.99629,1.2799629,0.1279963,1.2799629E-04,63998.15,639.9815,63.998146,6.399815E-02,6.817721E-05,8.2569495E-03,6.183E-02,61.829998,0.12365999,123.659996
32,335.74892,180.9344,153.56918,1.5356919,0.15356919,1.5356918E-04,76784.59,767.84595,76.7846,7.6784596E-02,1.6783144E-04,1.2954977E-02,8.1803E-02,81.803,0.163606,163.606
31,234.764,175.2802,114.111,1.14111,0.114111,1.14111E-04,57055.5,570.555,57.0555,5.70555E-02,4.4033382E-05,6.6357655E-03,5.7841E-02,57.841,0.115682,115.682
30,248.1309,169.626,119.4544,1.1945441,0.1194544,1.194544E-04,59727.2,597.272,59.7272,5.97272E-02,4.771263E-05,6.907433E-03,5.73E-02,57.300003,0.1146,114.6
29,227.8930,163.9718,111.3476,1.113476,0.1113476,1.113476E-04,55673.8,556.738,55.6738,5.56738E-02,4.633265E-05,6.806809E-03,5.4444E-02,54.444,0.108888,108.888
28,224.98918,158.3176,110.17608,1.1017607,0.11017608,1.1017608E-04,55088.04,550.8804,55.08804,5.508804E-02,3.888921E-05,6.2361215E-03,5.4346E-02,54.346,0.108692,108.69199
27,214.40188,152.6634,105.88593,1.0588593,0.10588594,1.05885934E-04,52942.97,529.4297,52.94297,5.294297E-02,3.4867306E-05,5.9048543E-03,5.338E-02,53.38,0.10676,106.76
26,197.59823,147.0092,99.01249,0.9901249,9.901249E-02,9.901249E-05,49506.242,495.06244,49.506245,4.9506243E-02,4.4537086E-05,6.6736112E-03,4.9733E-02,49.733,9.9466E-02,99.466
25,195.95327,141.355,98.33513,0.9833513,9.8335125E-02,9.833513E-05,49167.563,491.67563,49.16756,4.9167562E-02,4.026453E-05,6.3454336E-03,4.9563E-02,49.563004,9.9126E-02,99.126
24,188.79142,135.7008,95.37618,0.9537619,9.5376186E-02,9.5376185E-05,47688.094,476.88092,47.68809,4.7688093E-02,3.3169614E-05,5.7593067E-03,4.8009E-02,48.009,9.6018E-02,96.018005
23,166.23569,130.0466,85.94462,0.85944617,8.5944615E-02,8.5944615E-05,42972.31,429.72308,42.97231,4.2972308E-02,2.9196543E-05,5.4033827E-03,4.0598E-02,40.598,8.1196E-02,81.19601
22,151.931412,124.3924,79.864876,0.7986488,7.9864874E-02,7.9864876E-05,39932.438,399.32437,39.932438,3.9932437E-02,1.5446998E-05,3.930267E-03,4.0507E-02,40.507,8.1014E-02,81.014
21,155.62974,118.7382,81.44474,0.8144474,8.144474E-02,8.144474E-05,40722.37,407.2237,40.72237,4.072237E-02,2.0494424E-05,4.5270766E-03,4.1388E-02,41.388,8.2776E-02,82.776
20,152.32214,113.084,80.03206,0.80032057,8.003206E-02,8.0032056E-05,40016.027,400.16028,40.01603,4.001603E-02,1.9011086E-05,4.3601706E-03,4.1736E-02,41.736,8.3472E-02,83.472
19,128.68883,107.4298,69.79461,0.6979461,6.979461E-02,6.979461E-05,34897.305,348.97305,34.897305,3.4897305E-02,1.471123E-05,3.835522E-03,3.2784E-02,32.784,6.5568E-02,65.568
18,120.989537,101.7756,66.398926,0.66398925,6.6398926E-02,6.639893E-05,33199.465,331.99463,33.199463,3.3199463E-02,2.2418548E-05,4.734823E-03,3.2882E-02,32.882,6.5764E-02,65.76401
17,115.49007,96.1214,63.95293,0.6395293,6.395293E-02,6.395293E-05,31976.465,319.76465,31.976465,3.1976465E-02,1.8696415E-05,4.323935E-03,2.9391E-02,29.391,5.8782E-02,58.781998
16,109.100,90.4672,61.088,0.61088,6.1088003E-02,6.1088E-05,30544.0,305.44,30.544,3.0544E-02,1.5912841E-05,3.98909E-03,2.9118E-02,29.118,5.8236E-02,58.236
15,99.81742,84.813,56.87786,0.5687786,5.687786E-02,5.687786E-05,28438.93,284.38928,28.438929,2.843893E-02,1.4020815E-05,3.7444378E-03,2.6788E-02,26.788,5.3576E-02,53.576
14,87.80678,79.1588,51.33626,0.5133626,5.1336262E-02,5.133626E-05,25668.13,256.6813,25.66813,2.5668131E-02,1.8534784E-05,4.3052044E-03,2.3745E-02,23.745,4.749E-02,47.49
13,80.693372,73.5046,47.997066,0.47997066,4.7997065E-02,4.7997066E-05,23998.533,239.98532,23.998533,2.3998532E-02,1.3247156E-05,3.6396643E-03,2.1871E-02,21.871,4.3742E-02,43.742
12,74.32261,67.8504,44.96553,0.4496553,4.496553E-02,4.496553E-05,22482.766,224.82765,22.482765,2.2482766E-02,1.2155425E-05,3.486463E-03,2.063E-02,20.630001,4.126E-02,41.260002
11,61.6681,62.1962,38.8106,0.38810602,3.8810603E-02,3.8810602E-05,19405.3,194.05301,19.405302,1.9405302E-02,1.0443156E-05,3.2315871E-03,1.7647E-02,17.647,3.5294E-02,35.294
10,55.784131,56.542,35.878002,0.35878003,3.5878003E-02,3.5878E-05,17939.002,179.39001,17.939001,1.7939001E-02,1.0949041E-05,3.3089335E-03,1.6713E-02,16.713001,3.3426E-02,33.426
9,45.305550,50.8878,30.517931,0.3051793,3.051793E-02,3.051793E-05,15258.966,152.58966,15.258966,1.5258966E-02,7.0252872E-06,2.650526E-03,1.4706E-02,14.705999,2.9412E-02,29.412
8,37.686423,45.2336,26.484068,0.26484066,2.6484067E-02,2.6484067E-05,13242.033,132.42033,13.242033,1.3242033E-02,6.9712046E-06,2.640304E-03,1.2061E-02,12.061,2.4122E-02,24.122
7,26.930067,39.5794,20.522398,0.20522399,2.0522399E-02,2.0522399E-05,10261.199,102.61199,10.261199,1.0261199E-02,3.5051644E-06,1.8722084E-03,9.841E-03,9.841,1.9682E-02,19.682
6,17.856558,33.9252,15.133466,0.15133466,1.5133467E-02,1.5133466E-05,7566.7334,75.667336,7.5667334,7.5667333E-03,3.901865E-06,1.975314E-03,6.962E-03,6.962,1.3924E-02,13.924
5,15.478342,28.271,13.639665,0.13639665,1.3639665E-02,1.3639665E-05,6819.8325,68.198326,6.819833,6.8198326E-03,2.9905816E-06,1.7293298E-03,6.553E-03,6.553,1.3106E-02,13.106
4,16.019140,22.6168,13.983133,0.13983133,1.3983133E-02,1.3983134E-05,6991.5664,69.915665,6.9915667,6.9915666E-03,4.8406796E-06,2.2001544E-03,6.524E-03,6.5239997,1.3048E-02,13.047999
3,6.023801,16.9626,7.084333,7.084333E-02,7.084333E-03,7.084333E-06,3542.1665,35.421665,3.5421665,3.5421664E-03,1.43708E-07,3.7908836E-04,3.492E-03,3.492,6.984E-03,6.984
2,3.762452,11.3084,5.234066,5.234066E-02,5.234066E-03,5.234066E-06,2617.033,26.17033,2.617033,2.617033E-03,5.230811E-07,7.2324346E-04,2.465E-03,2.465,4.93E-03,4.93
1,4.2541,5.6542,5.6542,5.6541998E-02,5.6542E-03,5.6542E-06,2827.1,28.271,2.8271,2.8271E-03,4.863383E-08,2.205308E-04,2.724E-03,2.724,5.448E-03,5.448