n,m,each1e6,meanX1000, each, mean, variance, stdDev
301,2.064538E-01,6.214259E+01,6.2142596E+01,6.214259E-05,6.2142596E-02,5.553495E-06,2.3565856E-03
311,64.2071278737541,6.6769935E+01,6.6769935E+01,6.6769935E-05,6.6769935E-02,4.112306E-06,2.0278823E-03
321,66.2716657475082,6.861087E+01,6.861087E+01,6.861087E-05,6.861087E-02,4.5357947E-06,2.1297405E-03
331,68.3362036212624,7.199557E+01,7.199557E+01,7.199557E-05,7.199557E-02,4.4712274E-06,2.1145276E-03
341,70.4007414950165,6.8275665E+01,6.827567E+01,6.8275665E-05,6.827567E-02,8.881131E-06,2.9801226E-03
351,72.4652793687707,7.747364E+01,7.747364E+01,7.747364E-05,7.747364E-02,4.8018783E-06,2.191319E-03
361,74.5298172425248,7.7865094E+01,7.7865094E+01,7.7865094E-05,7.7865094E-02,6.473291E-06,2.5442662E-03
371,76.594355116279,8.116539E+01,8.116539E+01,8.116539E-05,8.116539E-02,3.5385674E-06,1.881108E-03
381,78.6588929900331,7.863036E+01,7.863036E+01,7.863036E-05,7.863036E-02,4.0218547E-06,2.0054562E-03
391,80.7234308637873,8.7469954E+01,8.746996E+01,8.7469954E-05,8.746996E-02,7.876778E-06,2.80656E-03
401,82.7879687375414,8.897447E+01,8.897447E+01,8.897447E-05,8.897447E-02,6.158582E-06,2.481649E-03
411,84.8525066112956,8.7401204E+01,8.7401204E+01,8.7401204E-05,8.7401204E-02,3.8653875E-06,1.966059E-03
421,86.9170444850497,9.289011E+01,9.289011E+01,9.289011E-05,9.289011E-02,5.564536E-06,2.358927E-03
431,88.9815823588039,8.906011E+01,8.9060105E+01,8.906011E-05,8.9060105E-02,7.975906E-06,2.8241647E-03
441,91.046120232558,9.772469E+01,9.772469E+01,9.772469E-05,9.772469E-02,7.7444965E-06,2.7828936E-03
451,93.1106581063122,1.03063096E+02,103.0631000,1.03063096E-04,0.1030631,5.7564475E-06,2.3992597E-03
461,95.1751959800663,1.04828556E+02,104.82856000,1.04828556E-04,0.10482856,5.227849E-06,2.286449E-03
471,97.2397338538205,1.10635025E+02,110.63503000,1.10635025E-04,0.11063503,4.383493E-06,2.0936793E-03
481,99.3042717275746,1.1896191E+02,118.96191000,1.1896191E-04,0.11896191,9.353426E-05,9.671311E-03
491,101.368809601329,1.1685403E+02,116.854034000,1.1685403E-04,0.116854034,6.9179073E-06,2.6301914E-03
501,103.433347475083,1.0683369E+02,106.8337000,1.0683369E-04,0.1068337,9.024048E-06,3.0040054E-03
511,105.497885348837,1.1993169E+02,119.93169000,1.1993169E-04,0.11993169,7.3195156E-06,2.7054604E-03
521,107.562423222591,1.211445E+02,121.144496000,1.211445E-04,0.121144496,4.7992276E-06,2.190714E-03
531,109.626961096345,1.2057541E+02,120.575406000,1.2057541E-04,0.120575406,7.4943396E-06,2.7375792E-03
541,111.6914989701,1.2797752E+02,127.97752000,1.2797752E-04,0.12797752,1.7185632E-05,4.1455557E-03
551,113.756036843854,1.2155764E+02,121.55764000,1.2155764E-04,0.12155764,8.34338E-06,2.888491E-03
561,115.820574717608,1.3392238E+02,133.92238000,1.3392238E-04,0.13392238,1.057807E-05,3.2523945E-03
571,117.885112591362,1.2952706E+02,129.52706000,1.2952706E-04,0.12952706,1.0857735E-05,3.2951077E-03
581,119.949650465116,1.3929988E+02,139.29988000,1.3929988E-04,0.13929988,1.48483405E-05,3.8533544E-03
591,122.01418833887,1.3614373E+02,136.14373000,1.3614373E-04,0.13614373,1.46403E-05,3.8262645E-03
601,124.078726212624,1.43587E+02,143.58701000,1.43587E-04,0.14358701,1.4177435E-05,3.7652936E-03
611,126.143264086379,1.3671776E+02,136.71777000,1.3671776E-04,0.13671777,8.498693E-06,2.9152518E-03
621,128.207801960133,1.4702229E+02,147.02229000,1.4702229E-04,0.14702229,7.774E-06,2.7881893E-03
631,130.272339833887,1.4319067E+02,143.19067000,1.4319067E-04,0.14319067,6.833251E-06,2.6140488E-03
641,132.336877707641,1.5193303E+02,151.93303000,1.5193303E-04,0.15193303,2.8056197E-04,1.6749984E-02
651,134.401415581395,1.4960159E+02,149.6016000,1.4960159E-04,0.1496016,7.2398548E-06,2.6906978E-03
661,136.465953455149,1.5761379E+02,157.61378000,1.5761379E-04,0.15761378,5.3198387E-06,2.3064776E-03
671,138.530491328903,1.6348172E+02,163.48171000,1.6348172E-04,0.16348171,8.78649E-06,2.9642014E-03
681,140.595029202658,1.5796206E+02,157.96205000,1.5796206E-04,0.15796205,5.161668E-06,2.2719305E-03
691,142.659567076412,1.5271774E+02,152.71774000,1.5271774E-04,0.15271774,7.5665175E-06,2.7507304E-03
701,144.724104950166,1.6523476E+02,165.23476000,1.6523476E-04,0.16523476,9.102533E-06,3.0170404E-03
711,146.78864282392,1.6283638E+02,162.83639000,1.6283638E-04,0.16283639,6.3999437E-06,2.529811E-03
721,148.853180697674,1.6512813E+02,165.12814000,1.6512813E-04,0.16512814,1.1499475E-05,3.3910875E-03
731,150.917718571428,1.7216607E+02,172.16606000,1.7216607E-04,0.17216606,1.485121E-05,3.8537267E-03
741,152.982256445183,1.7249637E+02,172.49636000,1.7249637E-04,0.17249636,6.5907075E-06,2.5672372E-03
751,155.046794318937,1.7794663E+02,177.94663000,1.7794663E-04,0.17794663,9.758542E-06,3.1238664E-03
761,157.111332192691,1.8003209E+02,180.03209000,1.8003209E-04,0.18003209,1.6194917E-05,4.024291E-03
771,159.175870066445,1.852582E+02,185.25821000,1.852582E-04,0.18525821,7.4146196E-06,2.72298E-03
781,161.240407940199,1.8608435E+02,186.08434000,1.8608435E-04,0.18608434,1.6013755E-05,4.001719E-03
791,163.304945813953,1.9089246E+02,190.89246000,1.9089246E-04,0.19089246,1.853252E-05,4.3049413E-03
801,165.369483687707,1.8950985E+02,189.50985000,1.8950985E-04,0.18950985,1.1604031E-05,3.406469E-03
811,167.434021561462,1.9164599E+02,191.646000,1.9164599E-04,0.191646,8.291341E-06,2.879469E-03
821,169.498559435216,2.0235132E+02,202.35132000,2.0235132E-04,0.20235132,9.503451E-06,3.082767E-03
831,171.56309730897,1.9788985E+02,197.88985000,1.9788985E-04,0.19788985,3.9257153E-05,6.2655527E-03
841,173.627635182724,2.0782377E+02,207.82377000,2.0782377E-04,0.20782377,1.803399E-05,4.2466447E-03
851,175.692173056478,2.0329848E+02,203.29848000,2.0329848E-04,0.20329848,1.3808495E-05,3.7159785E-03
861,177.756710930232,2.0719861E+02,207.1986000,2.0719861E-04,0.2071986,1.9161764E-05,4.3774154E-03
871,179.821248803986,2.2368033E+02,223.68033000,2.2368033E-04,0.22368033,2.0718468E-05,4.5517543E-03
881,181.885786677741,2.0809381E+02,208.0938000,2.0809381E-04,0.2080938,1.5212165E-05,3.9002774E-03
891,183.950324551495,2.1895838E+02,218.95838000,2.1895838E-04,0.21895838,8.269929E-06,2.8757483E-03
901,186.014862425249,2.2195485E+02,221.95485000,2.2195485E-04,0.22195485,1.3941016E-05,3.733767E-03
911,188.079400299003,2.1985194E+02,219.85194000,2.1985194E-04,0.21985194,9.789787E-06,3.1288636E-03
921,190.143938172757,2.2796952E+02,227.96951000,2.2796952E-04,0.22796951,1.1558159E-05,3.3997293E-03
931,192.208476046511,2.2006933E+02,220.06933000,2.2006933E-04,0.22006933,1.4072028E-05,3.7512702E-03
941,194.273013920266,2.1963794E+02,219.63793000,2.1963794E-04,0.21963793,5.9263884E-06,2.4344174E-03
951,196.33755179402,2.228222E+02,222.8222000,2.228222E-04,0.2228222,1.9285291E-05,4.391502E-03
961,198.402089667774,2.4283266E+02,242.83266000,2.4283266E-04,0.24283266,1.804435E-05,4.2478642E-03
971,200.466627541528,2.428924E+02,242.8924000,2.428924E-04,0.2428924,1.6325203E-05,4.0404457E-03
981,202.531165415282,2.2771493E+02,227.71493000,2.2771493E-04,0.22771493,1.1889476E-05,3.448112E-03
991,204.595703289036,2.3829952E+02,238.29952000,2.3829952E-04,0.23829952,2.0358468E-05,4.5120358E-03
1001,206.66024116279,2.5050537E+02,250.50536000,2.5050537E-04,0.25050536,1.8958428E-05,4.3541277E-03
1011,208.724779036545,2.4827212E+02,248.2721000,2.4827212E-04,0.2482721,1.9912164E-05,4.462305E-03
1021,210.789316910299,2.35589E+02,235.589000,2.35589E-04,0.235589,9.309086E-05,9.64836E-03
1031,212.853854784053,2.596367E+02,259.6367000,2.596367E-04,0.2596367,2.05771E-05,4.536199E-03
1041,214.918392657807,2.5739646E+02,257.39646000,2.5739646E-04,0.25739646,2.1472768E-05,4.633872E-03
1051,216.982930531561,2.687754E+02,268.77537000,2.687754E-04,0.26877537,2.8548418E-05,5.343072E-03
1061,219.047468405315,2.6836083E+02,268.36082000,2.6836083E-04,0.26836082,1.8503604E-05,4.3015815E-03
1071,221.112006279069,2.7409795E+02,274.09795000,2.7409795E-04,0.27409795,1.476235E-05,3.8421804E-03
1081,223.176544152824,2.743407E+02,274.34072000,2.743407E-04,0.27434072,1.7477485E-05,4.1806083E-03
1091,225.241082026578,2.765904E+02,276.5904000,2.765904E-04,0.2765904,2.5315405E-05,5.031442E-03
1101,227.305619900332,2.842044E+02,284.2044000,2.842044E-04,0.2842044,1.9767314E-05,4.446045E-03
1111,229.370157774086,2.8283114E+02,282.83113000,2.8283114E-04,0.28283113,3.0450414E-05,5.518189E-03
1121,231.43469564784,2.6374948E+02,263.74948000,2.6374948E-04,0.26374948,1.2738842E-05,3.5691515E-03
1131,233.499233521594,2.9973144E+02,299.73143000,2.9973144E-04,0.29973143,2.237658E-05,4.730389E-03
1141,235.563771395349,2.945467E+02,294.54672000,2.945467E-04,0.29454672,1.7846878E-05,4.2245565E-03
1151,237.628309269103,2.8307995E+02,283.07995000,2.8307995E-04,0.28307995,2.1963448E-05,4.6865176E-03
1161,239.692847142857,3.0174377E+02,301.74378000,3.0174377E-04,0.30174378,1.6842525E-05,4.1039647E-03
1171,241.757385016611,2.9303346E+02,293.03345000,2.9303346E-04,0.29303345,2.5127565E-05,5.0127404E-03
1181,243.821922890365,3.1557216E+02,315.57217000,3.1557216E-04,0.31557217,4.076387E-05,6.384659E-03
1191,245.886460764119,3.084827E+02,308.4827000,3.084827E-04,0.3084827,3.6756966E-05,6.0627526E-03
1201,247.950998637873,3.018513E+02,301.8513000,3.018513E-04,0.3018513,2.2025653E-05,4.6931496E-03
1211,250.015536511628,3.106085E+02,310.6085000,3.106085E-04,0.3106085,2.599211E-05,5.098246E-03
1221,252.080074385382,3.1316836E+02,313.16838000,3.1316836E-04,0.31316838,2.8969991E-05,5.3823777E-03
1231,254.144612259136,3.2971398E+02,329.71397000,3.2971398E-04,0.32971397,4.811976E-05,6.9368407E-03
1241,256.20915013289,3.089106E+02,308.91058000,3.089106E-04,0.30891058,3.5298475E-05,5.941252E-03
1251,258.273688006644,3.3278597E+02,332.78596000,3.3278597E-04,0.33278596,4.231939E-05,6.505335E-03
1261,260.338225880398,3.2399115E+02,323.99115000,3.2399115E-04,0.32399115,1.9775945E-05,4.4470155E-03
1271,262.402763754152,3.45522E+02,345.52202000,3.45522E-04,0.34552202,2.6637068E-05,5.1611112E-03
1281,264.467301627907,3.230671E+02,323.0671000,3.230671E-04,0.3230671,6.017399E-05,7.7571897E-03
1291,266.531839501661,3.4001315E+02,340.01315000,3.4001315E-04,0.34001315,2.0853138E-05,4.5665237E-03
1301,268.596377375415,3.5404446E+02,354.04447000,3.5404446E-04,0.35404447,3.2003507E-05,5.6571644E-03
1311,270.660915249169,3.4811336E+02,348.11336000,3.4811336E-04,0.34811336,4.456471E-05,6.6756806E-03
1321,272.725453122923,3.3302116E+02,333.02116000,3.3302116E-04,0.33302116,2.7775932E-05,5.270288E-03
1331,274.789990996677,3.532111E+02,353.2111000,3.532111E-04,0.3532111,1.8361667E-05,4.2850515E-03
1341,276.854528870432,3.5801646E+02,358.01646000,3.5801646E-04,0.35801646,7.752419E-04,2.7843166E-02
1351,278.919066744186,3.6797323E+02,367.97324000,3.6797323E-04,0.36797324,2.7361853E-05,5.230856E-03
1361,280.98360461794,3.6517408E+02,365.17408000,3.6517408E-04,0.36517408,3.8254533E-05,6.185025E-03
1371,283.048142491694,3.6441325E+02,364.41326000,3.6441325E-04,0.36441326,4.5429882E-05,6.740169E-03
1381,285.112680365448,3.4928272E+02,349.2827000,3.4928272E-04,0.3492827,2.7240894E-05,5.219281E-03
1391,287.177218239202,3.6523867E+02,365.23867000,3.6523867E-04,0.36523867,3.0957286E-05,5.5639273E-03
1401,289.241756112956,3.6343114E+02,363.43116000,3.6343114E-04,0.36343116,2.657277E-05,5.1548784E-03
1411,291.306293986711,3.6492804E+02,364.92804000,3.6492804E-04,0.36492804,1.9146804E-05,4.375706E-03
1421,293.370831860465,3.796465E+02,379.64648000,3.796465E-04,0.37964648,5.01166E-05,7.079308E-03
1431,295.435369734219,3.6691074E+02,366.91073000,3.6691074E-04,0.36691073,4.6667315E-05,6.831348E-03
1441,297.499907607973,3.8698685E+02,386.98685000,3.8698685E-04,0.38698685,3.465413E-05,5.886776E-03
1451,299.564445481727,3.8426835E+02,384.26834000,3.8426835E-04,0.38426834,4.765733E-05,6.903429E-03
1461,301.628983355481,3.9292677E+02,392.92678000,3.9292677E-04,0.39292678,5.1736846E-05,7.192833E-03
1471,303.693521229235,3.7826123E+02,378.26124000,3.7826123E-04,0.37826124,2.6096508E-05,5.1084743E-03
1481,305.75805910299,3.904734E+02,390.4734000,3.904734E-04,0.3904734,4.053881E-05,6.3670096E-03
1491,307.822596976744,4.019932E+02,401.9932000,4.019932E-04,0.4019932,3.0625157E-05,5.534E-03
1501,309.887134850498,4.0022633E+02,400.22632000,4.0022633E-04,0.40022632,8.965826E-05,9.468804E-03
1511,311.951672724252,3.980898E+02,398.0898000,3.980898E-04,0.3980898,7.071946E-05,8.409486E-03
1521,314.016210598006,4.3832976E+02,438.32976000,4.3832976E-04,0.43832976,6.067559E-05,7.789454E-03
1531,316.08074847176,3.8543306E+02,385.43305000,3.8543306E-04,0.38543305,6.668887E-05,8.166325E-03
1541,318.145286345515,3.9408283E+02,394.08284000,3.9408283E-04,0.39408284,6.9806774E-05,8.355045E-03
1551,320.209824219269,4.011377E+02,401.13768000,4.011377E-04,0.40113768,8.356667E-05,9.141481E-03
1561,322.274362093023,4.454308E+02,445.43082000,4.454308E-04,0.44543082,9.63048E-05,9.813501E-03
1571,324.338899966777,4.299257E+02,429.9257000,4.299257E-04,0.4299257,8.840777E-05,9.4025405E-03
1581,326.403437840531,4.3508515E+02,435.08515000,4.3508515E-04,0.43508515,7.5628115E-05,8.6964425E-03
1591,328.467975714285,4.309519E+02,430.95192000,4.309519E-04,0.43095192,2.8693446E-04,1.6939139E-02
1601,330.532513588039,4.2361533E+02,423.61534000,4.2361533E-04,0.42361534,7.817018E-05,8.841391E-03
1611,332.597051461794,4.3892165E+02,438.92166000,4.3892165E-04,0.43892166,8.36911E-05,9.148284E-03
1621,334.661589335548,4.201012E+02,420.1012000,4.201012E-04,0.4201012,6.615767E-05,8.133736E-03
1631,336.726127209302,4.249108E+02,424.9108000,4.249108E-04,0.4249108,1.2113818E-04,1.1006279E-02
1641,338.790665083056,4.1936687E+02,419.36687000,4.1936687E-04,0.41936687,5.238419E-05,7.2376924E-03
1651,340.85520295681,4.273872E+02,427.38718000,4.273872E-04,0.42738718,1.2796157E-04,1.131201E-02
1661,342.919740830564,4.4634758E+02,446.34756000,4.4634758E-04,0.44634756,7.5705895E-05,8.700914E-03
1671,344.984278704318,4.6577185E+02,465.77185000,4.6577185E-04,0.46577185,6.435599E-05,8.022219E-03
1681,347.048816578073,4.497973E+02,449.7973000,4.497973E-04,0.4497973,1.176993E-04,1.0848931E-02
1691,349.113354451827,4.6880785E+02,468.80785000,4.6880785E-04,0.46880785,1.181087E-04,1.0867783E-02
1701,351.177892325581,4.659016E+02,465.90158000,4.659016E-04,0.46590158,4.860886E-04,2.2047417E-02
1711,353.242430199335,4.691459E+02,469.1459000,4.691459E-04,0.4691459,6.2932166E-05,7.93298E-03
1721,355.306968073089,4.6417708E+02,464.17707000,4.6417708E-04,0.46417707,9.692397E-05,9.844997E-03
1731,357.371505946843,4.717659E+02,471.7659000,4.717659E-04,0.4717659,1.3179453E-04,1.148018E-02
1741,359.436043820598,4.9105816E+02,491.05814000,4.9105816E-04,0.49105814,7.989324E-05,8.938301E-03
1751,361.500581694352,4.558883E+02,455.8883000,4.558883E-04,0.4558883,9.856033E-05,9.927755E-03
1761,363.565119568106,4.8181132E+02,481.8113000,4.8181132E-04,0.4818113,1.4776363E-04,1.2155807E-02
1771,365.62965744186,4.865051E+02,486.5051000,4.865051E-04,0.4865051,8.258256E-05,9.087495E-03
1781,367.694195315614,5.032253E+02,503.2253000,5.032253E-04,0.5032253,1.820153E-04,1.3491305E-02
1791,369.758733189368,4.898443E+02,489.84432000,4.898443E-04,0.48984432,6.11833E-05,7.821975E-03
1801,371.823271063122,4.8727574E+02,487.27575000,4.8727574E-04,0.48727575,2.8073892E-04,1.6755266E-02
1811,373.887808936877,5.1718164E+02,517.18163000,5.1718164E-04,0.51718163,5.4448265E-05,7.378907E-03
1821,375.952346810631,4.961396E+02,496.13956000,4.961396E-04,0.49613956,5.4944663E-05,7.4124667E-03
1831,378.016884684385,5.1894697E+02,518.94695000,5.1894697E-04,0.51894695,7.348543E-05,8.572364E-03
1841,380.081422558139,4.9295335E+02,492.95333000,4.9295335E-04,0.49295333,8.176068E-05,9.0421615E-03
1851,382.145960431893,5.1519787E+02,515.1979000,5.1519787E-04,0.5151979,7.529279E-05,8.677142E-03
1861,384.210498305647,5.008634E+02,500.86343000,5.008634E-04,0.50086343,7.854888E-05,8.86278E-03
1871,386.275036179401,4.942012E+02,494.20118000,4.942012E-04,0.49420118,6.997585E-05,8.365157E-03
1881,388.339574053156,5.3635513E+02,536.35514000,5.3635513E-04,0.53635514,5.2635085E-05,7.2550043E-03
1891,390.40411192691,5.171756E+02,517.1756000,5.171756E-04,0.5171756,1.3904691E-04,1.1791815E-02
1901,392.468649800664,5.507217E+02,550.7217000,5.507217E-04,0.5507217,7.430241E-05,8.619884E-03
1911,394.533187674418,5.1652134E+02,516.52133000,5.1652134E-04,0.51652133,9.265576E-05,9.625786E-03
1921,396.597725548172,5.384386E+02,538.4386000,5.384386E-04,0.5384386,8.1127706E-05,9.007092E-03
1931,398.662263421926,5.046879E+02,504.6879000,5.046879E-04,0.5046879,1.3609433E-04,1.1665948E-02
1941,400.726801295681,5.5066025E+02,550.66025000,5.5066025E-04,0.55066025,1.2314583E-04,1.1097109E-02
1951,402.791339169435,5.183858E+02,518.38577000,5.183858E-04,0.51838577,2.2019065E-04,1.4838822E-02
1961,404.855877043189,5.372096E+02,537.20963000,5.372096E-04,0.53720963,1.4745863E-04,1.2143254E-02
1971,406.920414916943,5.462603E+02,546.2603000,5.462603E-04,0.5462603,1.4537924E-04,1.2057331E-02
1981,408.984952790697,5.3504086E+02,535.04086000,5.3504086E-04,0.53504086,1.093893E-04,1.0458934E-02
1991,411.049490664451,5.617227E+02,561.72276000,5.617227E-04,0.56172276,4.4837265E-04,2.117481E-02
2001,413.114028538205,5.454063E+02,545.4063000,5.454063E-04,0.5454063,1.05881896E-04,1.0289893E-02
2011,415.17856641196,5.4967747E+02,549.6775000,5.4967747E-04,0.5496775,1.3759661E-04,1.1730158E-02
2021,417.243104285714,5.6866894E+02,568.66896000,5.6866894E-04,0.56866896,9.308405E-05,9.648007E-03
2031,419.307642159468,5.792389E+02,579.23895000,5.792389E-04,0.57923895,1.4109728E-04,1.1878437E-02
2041,421.372180033222,5.432215E+02,543.2215000,5.432215E-04,0.5432215,1.9883078E-04,1.4100737E-02
2051,423.436717906976,5.5837544E+02,558.3754000,5.5837544E-04,0.5583754,7.216538E-05,8.495021E-03
2061,425.50125578073,5.6517974E+02,565.17977000,5.6517974E-04,0.56517977,1.1521156E-04,1.0733665E-02
2071,427.565793654484,5.6890125E+02,568.90124000,5.6890125E-04,0.56890124,8.307421E-05,9.114506E-03
2081,429.630331528239,5.8703404E+02,587.03405000,5.8703404E-04,0.58703405,1.3342914E-04,1.1551154E-02
2091,431.694869401993,5.839248E+02,583.92483000,5.839248E-04,0.58392483,1.5237638E-04,1.2344083E-02
2101,433.759407275747,5.8417686E+02,584.17684000,5.8417686E-04,0.58417684,1.2141607E-04,1.10188965E-02
2111,435.823945149501,5.8062765E+02,580.6276000,5.8062765E-04,0.5806276,1.2621949E-04,1.1234744E-02
2121,437.888483023255,6.054462E+02,605.4462000,6.054462E-04,0.6054462,9.2404814E-05,9.612742E-03
2131,439.953020897009,5.7865906E+02,578.65906000,5.7865906E-04,0.57865906,1.0441342E-04,1.0218289E-02
2141,442.017558770764,5.688291E+02,568.8291000,5.688291E-04,0.5688291,9.1676244E-05,9.574771E-03
2151,444.082096644518,6.1950454E+02,619.5046000,6.1950454E-04,0.6195046,8.4848594E-05,9.21133E-03
2161,446.146634518272,6.2402233E+02,624.0223000,6.2402233E-04,0.6240223,1.1727815E-03,3.4245897E-02
2171,448.211172392026,6.183627E+02,618.36267000,6.183627E-04,0.61836267,1.4035472E-04,1.1847139E-02
2181,450.27571026578,5.818103E+02,581.8103000,5.818103E-04,0.5818103,1.254642E-04,1.120108E-02
2191,452.340248139534,5.9984234E+02,599.84237000,5.9984234E-04,0.59984237,9.836233E-05,9.917779E-03
2201,454.404786013288,6.229604E+02,622.9604000,6.229604E-04,0.6229604,1.6865913E-04,1.2986883E-02
2211,456.469323887043,6.682384E+02,668.2384000,6.682384E-04,0.6682384,1.2012578E-04,1.0960191E-02
2221,458.533861760797,6.1557366E+02,615.57364000,6.1557366E-04,0.61557364,1.1673156E-04,1.0804238E-02
2231,460.598399634551,6.2799494E+02,627.99495000,6.2799494E-04,0.62799495,1.536852E-04,1.2396984E-02
2241,462.662937508305,6.254226E+02,625.4226000,6.254226E-04,0.6254226,1.2689459E-04,1.126475E-02
2251,464.727475382059,6.451416E+02,645.1416000,6.451416E-04,0.6451416,1.1290026E-04,1.0625454E-02
2261,466.792013255813,6.468267E+02,646.8267000,6.468267E-04,0.6468267,2.3495601E-04,1.5328275E-02
2271,468.856551129567,6.327997E+02,632.7997000,6.327997E-04,0.6327997,1.2840335E-04,1.133152E-02
2281,470.921089003322,6.248811E+02,624.88115000,6.248811E-04,0.62488115,6.774569E-04,2.6028002E-02
2291,472.985626877076,6.523747E+02,652.3747000,6.523747E-04,0.6523747,1.2866527E-04,1.1343071E-02
2301,475.05016475083,6.531842E+02,653.1842000,6.531842E-04,0.6531842,1.4934558E-04,1.2220703E-02
2311,477.114702624584,6.7233166E+02,672.3317000,6.7233166E-04,0.6723317,2.3612885E-04,1.5366484E-02
2321,479.179240498338,6.7975564E+02,679.7556000,6.7975564E-04,0.6797556,1.370791E-04,1.1708078E-02
2331,481.243778372092,6.9103134E+02,691.03134000,6.9103134E-04,0.69103134,1.1932274E-04,1.0923495E-02
2341,483.308316245847,6.638623E+02,663.8623000,6.638623E-04,0.6638623,9.8021235E-05,9.900567E-03
2351,485.372854119601,6.8059575E+02,680.59576000,6.8059575E-04,0.68059576,1.985992E-04,1.4092523E-02
2361,487.437391993355,6.65574E+02,665.574000,6.65574E-04,0.665574,1.2744228E-04,1.1289034E-02
2371,489.501929867109,6.8823353E+02,688.23355000,6.8823353E-04,0.68823355,1.1831613E-04,1.08773215E-02
2381,491.566467740863,6.8313786E+02,683.13783000,6.8313786E-04,0.68313783,1.0622058E-04,1.0306337E-02
2391,493.631005614617,6.952225E+02,695.2225000,6.952225E-04,0.6952225,1.4964578E-04,1.223298E-02
2401,495.695543488371,6.903143E+02,690.3143000,6.903143E-04,0.6903143,1.4556455E-04,1.2065014E-02
2411,497.760081362126,6.3951884E+02,639.51886000,6.3951884E-04,0.63951886,1.0801477E-04,1.0393015E-02
2421,499.82461923588,7.010438E+02,701.0438000,7.010438E-04,0.7010438,1.672898E-04,1.2934056E-02
2431,501.889157109634,6.9234264E+02,692.34264000,6.9234264E-04,0.69234264,1.5224438E-04,1.2338735E-02
2441,503.953694983388,7.180004E+02,718.0004000,7.180004E-04,0.7180004,1.60019E-04,1.2649862E-02
2451,506.018232857142,7.0908567E+02,709.08564000,7.0908567E-04,0.70908564,6.8422774E-04,2.6157748E-02
2461,508.082770730896,7.3343236E+02,733.43235000,7.3343236E-04,0.73343235,1.358323E-04,1.1654711E-02
2471,510.14730860465,7.121365E+02,712.1365000,7.121365E-04,0.7121365,1.0556961E-04,1.0274707E-02
2481,512.211846478405,7.260244E+02,726.0244000,7.260244E-04,0.7260244,1.6101237E-04,1.2689065E-02
2491,514.276384352159,7.088584E+02,708.85843000,7.088584E-04,0.70885843,1.7875367E-04,1.336988E-02
2501,516.340922225913,7.339213E+02,733.9213000,7.339213E-04,0.7339213,1.3654918E-04,1.1685425E-02
2511,518.405460099667,7.24592E+02,724.59203000,7.24592E-04,0.72459203,1.6525878E-04,1.2855302E-02
2521,520.469997973421,7.243063E+02,724.3063000,7.243063E-04,0.7243063,2.1160948E-04,1.4546803E-02
2531,522.534535847175,7.6709327E+02,767.09324000,7.6709327E-04,0.76709324,1.0914924E-04,1.0447451E-02
2541,524.59907372093,7.534699E+02,753.4699000,7.534699E-04,0.7534699,1.6007922E-04,1.2652242E-02
2551,526.663611594684,7.420685E+02,742.0685000,7.420685E-04,0.7420685,1.6872268E-04,1.2989329E-02
2561,528.728149468438,7.7682803E+02,776.82805000,7.7682803E-04,0.77682805,1.3742053E-04,1.172265E-02
2571,530.792687342192,7.2834425E+02,728.34426000,7.2834425E-04,0.72834426,2.0784813E-04,1.441694E-02
2581,532.857225215946,7.6121587E+02,761.21587000,7.6121587E-04,0.76121587,1.2814789E-04,1.1320243E-02
2591,534.9217630897,7.469031E+02,746.9031000,7.469031E-04,0.7469031,1.3798216E-04,1.1746581E-02
2601,536.986300963454,7.734384E+02,773.43845000,7.734384E-04,0.77343845,1.1166163E-04,1.0567007E-02
2611,539.050838837209,7.5277267E+02,752.7727000,7.5277267E-04,0.7527727,1.4623707E-04,1.2092852E-02
2621,541.115376710963,7.5719703E+02,757.197000,7.5719703E-04,0.757197,1.9129124E-04,1.3830808E-02
2631,543.179914584717,7.5970235E+02,759.7023000,7.5970235E-04,0.7597023,1.9098945E-04,1.3819893E-02
2641,545.244452458471,7.872571E+02,787.2571000,7.872571E-04,0.7872571,1.5271755E-04,1.2357894E-02
2651,547.308990332225,7.936781E+02,793.6781000,7.936781E-04,0.7936781,1.5354989E-04,1.2391525E-02
2661,549.373528205979,7.921999E+02,792.1999000,7.921999E-04,0.7921999,1.7418535E-04,1.319793E-02
2671,551.438066079733,7.317358E+02,731.73577000,7.317358E-04,0.73173577,2.1934617E-04,1.481034E-02
2681,553.502603953488,7.7125715E+02,771.25716000,7.7125715E-04,0.77125716,1.16279945E-04,1.07833175E-02
2691,555.567141827242,7.972229E+02,797.2229000,7.972229E-04,0.7972229,1.7066469E-04,1.3063869E-02
2701,557.631679700996,7.710586E+02,771.0586000,7.710586E-04,0.7710586,1.5028309E-04,1.2259E-02
2711,559.69621757475,8.3234755E+02,832.3476000,8.3234755E-04,0.8323476,2.258577E-03,4.7524486E-02
2721,561.760755448504,7.970547E+02,797.05465000,7.970547E-04,0.79705465,2.775717E-04,1.6660484E-02
2731,563.825293322258,8.138443E+02,813.8443000,8.138443E-04,0.8138443,1.2626649E-04,1.1236836E-02
2741,565.889831196013,8.1905257E+02,819.0526000,8.1905257E-04,0.8190526,1.4829992E-04,1.2177845E-02
2751,567.954369069767,7.9590693E+02,795.90696000,7.9590693E-04,0.79590696,1.23839E-04,1.1128297E-02
2761,570.018906943521,8.062813E+02,806.28127000,8.062813E-04,0.80628127,1.139118E-04,1.0672947E-02
2771,572.083444817275,8.6446013E+02,864.4601000,8.6446013E-04,0.8644601,1.3140102E-04,1.1463028E-02
2781,574.147982691029,8.195812E+02,819.5812000,8.195812E-04,0.8195812,1.443758E-04,1.2015648E-02
2791,576.212520564783,8.8399247E+02,883.9925000,8.8399247E-04,0.8839925,1.785369E-04,1.336177E-02
2801,578.277058438537,8.471817E+02,847.18174000,8.471817E-04,0.84718174,1.2844388E-04,1.1333308E-02
2811,580.341596312292,8.845627E+02,884.5627000,8.845627E-04,0.8845627,1.6992795E-04,1.3035642E-02
2821,582.406134186046,8.607655E+02,860.7655000,8.607655E-04,0.8607655,1.00994366E-04,1.00495955E-02
2831,584.4706720598,8.302128E+02,830.2128000,8.302128E-04,0.8302128,4.1278842E-04,2.0317195E-02
2841,586.535209933554,8.506499E+02,850.6499000,8.506499E-04,0.8506499,1.1291856E-04,1.0626314E-02
2851,588.599747807308,8.431802E+02,843.18024000,8.431802E-04,0.84318024,1.928543E-04,1.38872E-02
2861,590.664285681062,8.7144057E+02,871.4406000,8.7144057E-04,0.8714406,2.3306714E-04,1.5266537E-02
2871,592.728823554816,8.6774974E+02,867.74975000,8.6774974E-04,0.86774975,1.4727564E-04,1.2135718E-02
2881,594.793361428571,8.592468E+02,859.24685000,8.592468E-04,0.85924685,2.0145442E-04,1.4193464E-02
2891,596.857899302325,8.9968834E+02,899.68836000,8.9968834E-04,0.89968836,1.8213266E-04,1.3495653E-02
2901,598.922437176079,8.5913646E+02,859.13646000,8.5913646E-04,0.85913646,2.2481654E-04,1.4993884E-02
2911,600.986975049833,9.073225E+02,907.3225000,9.073225E-04,0.9073225,3.7745977E-04,1.9428324E-02
2921,603.051512923587,9.1440586E+02,914.4059000,9.1440586E-04,0.9144059,1.3985002E-04,1.18258195E-02
2931,605.116050797341,8.833854E+02,883.3854000,8.833854E-04,0.8833854,1.4715666E-04,1.2130815E-02
2941,607.180588671096,9.368707E+02,936.8707000,9.368707E-04,0.9368707,5.908833E-04,2.4308091E-02
2951,609.24512654485,9.1038016E+02,910.3802000,9.1038016E-04,0.9103802,1.5568935E-04,1.2477554E-02
2961,611.309664418604,9.402879E+02,940.2879000,9.402879E-04,0.9402879,1.3828962E-04,1.175966E-02
2971,613.374202292358,8.901405E+02,890.1405000,8.901405E-04,0.8901405,1.0103264E-04,1.0051499E-02
2981,615.438740166112,8.786481E+02,878.6481000,8.786481E-04,0.8786481,1.7329943E-03,4.1629247E-02
2991,617.503278039866,8.914564E+02,891.45637000,8.914564E-04,0.89145637,7.250941E-04,2.6927572E-02
3001,619.56781591362,9.60532E+02,960.532000,9.60532E-04,0.960532,1.3507998E-03,3.675323E-02
3011,621.632353787375,9.2004874E+02,920.0487000,9.2004874E-04,0.9200487,1.9690162E-04,1.4032164E-02